{
	"BG3MCM" : 
	{
		"Dependency_Missing_Version_Info_4b1035f1-6e41-4591-8516-72752a448681_Requires_4cb0fd40-7212-4fe9-8733-9a8dbc6637ae" : 
		{
			"show" : false
		},
		"Dependency_Missing_Version_Info_a175d16b-2a1b-4711-9b26-2002f8a83f18_Requires_4cb0fd40-7212-4fe9-8733-9a8dbc6637ae" : 
		{
			"show" : false
		},
		"Dependency_Version_Issue_0c8bb2e9-aa96-4de7-b793-a733d68ee6f0_Requires_755a8a72-407f-4f0d-9a33-274ac0f0b53d_1.30.0.0_Loaded_1.26.0.0" : 
		{
			"show" : false
		},
		"Dependency_Version_Issue_163484d1-8511-4a95-8061-1ede8838b28b_Requires_755a8a72-407f-4f0d-9a33-274ac0f0b53d_1.27.0.0_Loaded_1.26.0.0" : 
		{
			"show" : false
		},
		"Dependency_Version_Issue_163a16e7-7e92-475d-a979-24de44fdd9d1_Requires_755a8a72-407f-4f0d-9a33-274ac0f0b53d_1.18.0.0_Loaded_1.17.1.0" : 
		{
			"show" : false
		},
		"Dependency_Version_Issue_5442c1bf-c118-48bc-87f1-c90bcc024b1c_Requires_755a8a72-407f-4f0d-9a33-274ac0f0b53d_1.19.1.0_Loaded_1.17.1.0" : 
		{
			"show" : true
		},
		"Dependency_Version_Issue_67fbbd53-7c7d-4cfa-9409-6d737b4d92a9_Requires_396c5966-09b0-40a1-af3f-93a5e9ce71c0_2.3.0.0_Loaded_2.2.8.5" : 
		{
			"show" : true
		},
		"Dependency_Version_Issue_964d7bb3-2ab1-c592-1f9c-8b04a290518b_Requires_ce2b2255-4328-4783-a696-f4f9bd34901b_5.5.7.61_Loaded_5.5.7.58" : 
		{
			"show" : false
		},
		"Dependency_Version_Issue_a5104d57-e12b-29fe-c9e7-61fefd152828_Requires_fb5f528d-4d48-4bf2-a668-2274d3cfba96_2.3.0.0_Loaded_2.1.0.6" : 
		{
			"show" : false
		},
		"InvalidUUID_Goon's Monk Overhaul" : 
		{
			"show" : true
		},
		"Migrated_listV2_setting_ignore_weaponsfor_mod_1c132ec4-4cd2-4c40-aeb9-ff6ee0467da8" : 
		{
			"show" : false
		},
		"Missing_Dependency_00581072-8d71-fc79-b793-d4492cf7aa41_Requires_55ef175c-59e3-b44b-3fb2-8f86acc5d550" : 
		{
			"show" : false
		},
		"Missing_Dependency_00581072-8d71-fc79-b793-d4492cf7aa41_Requires_cb555efe-2d9e-131f-8195-a89329d218ea" : 
		{
			"show" : false
		},
		"Missing_Dependency_00581072-8d71-fc79-b793-d4492cf7aa41_Requires_e1ce736b-52e6-e713-e9e7-e6abbb15a198" : 
		{
			"show" : false
		},
		"Missing_Dependency_010ef5c3-e3f2-fcb6-b4b1-54985b17b5e9_Requires_cb555efe-2d9e-131f-8195-a89329d218ea" : 
		{
			"show" : false
		},
		"Missing_Dependency_037df947-34fd-cb36-9fd5-dded6beb695e_Requires_55ef175c-59e3-b44b-3fb2-8f86acc5d550" : 
		{
			"show" : false
		},
		"Missing_Dependency_037df947-34fd-cb36-9fd5-dded6beb695e_Requires_cb555efe-2d9e-131f-8195-a89329d218ea" : 
		{
			"show" : false
		},
		"Missing_Dependency_037df947-34fd-cb36-9fd5-dded6beb695e_Requires_e1ce736b-52e6-e713-e9e7-e6abbb15a198" : 
		{
			"show" : false
		},
		"Missing_Dependency_046f01dc-2df2-0e55-8fd7-79f8a8a2a2e3_Requires_55ef175c-59e3-b44b-3fb2-8f86acc5d550" : 
		{
			"show" : false
		},
		"Missing_Dependency_046f01dc-2df2-0e55-8fd7-79f8a8a2a2e3_Requires_cb555efe-2d9e-131f-8195-a89329d218ea" : 
		{
			"show" : false
		},
		"Missing_Dependency_046f01dc-2df2-0e55-8fd7-79f8a8a2a2e3_Requires_e1ce736b-52e6-e713-e9e7-e6abbb15a198" : 
		{
			"show" : false
		},
		"Missing_Dependency_06e7001e-c3ef-228a-1e9f-424cdf7e7ffb_Requires_cb555efe-2d9e-131f-8195-a89329d218ea" : 
		{
			"show" : false
		},
		"Missing_Dependency_0736b752-d84e-ddf3-3a3c-700b5f80f9d7_Requires_55ef175c-59e3-b44b-3fb2-8f86acc5d550" : 
		{
			"show" : false
		},
		"Missing_Dependency_0736b752-d84e-ddf3-3a3c-700b5f80f9d7_Requires_cb555efe-2d9e-131f-8195-a89329d218ea" : 
		{
			"show" : false
		},
		"Missing_Dependency_0736b752-d84e-ddf3-3a3c-700b5f80f9d7_Requires_e1ce736b-52e6-e713-e9e7-e6abbb15a198" : 
		{
			"show" : false
		},
		"Missing_Dependency_07b599ae-d3f4-ac9e-d245-f958625a5328_Requires_55ef175c-59e3-b44b-3fb2-8f86acc5d550" : 
		{
			"show" : false
		},
		"Missing_Dependency_07b599ae-d3f4-ac9e-d245-f958625a5328_Requires_cb555efe-2d9e-131f-8195-a89329d218ea" : 
		{
			"show" : false
		},
		"Missing_Dependency_07b599ae-d3f4-ac9e-d245-f958625a5328_Requires_e1ce736b-52e6-e713-e9e7-e6abbb15a198" : 
		{
			"show" : false
		},
		"Missing_Dependency_09ae2205-4f66-6848-ab32-bf8fa0c084f0_Requires_cb555efe-2d9e-131f-8195-a89329d218ea" : 
		{
			"show" : false
		},
		"Missing_Dependency_09e190c8-d449-b653-69fc-252bcad61e45_Requires_cb555efe-2d9e-131f-8195-a89329d218ea" : 
		{
			"show" : false
		},
		"Missing_Dependency_0c895996-7daf-88eb-cebc-9e3f316d66f9_Requires_cb555efe-2d9e-131f-8195-a89329d218ea" : 
		{
			"show" : false
		},
		"Missing_Dependency_0e809008-995f-6d2b-a4bc-3ef61618d398_Requires_55ef175c-59e3-b44b-3fb2-8f86acc5d550" : 
		{
			"show" : false
		},
		"Missing_Dependency_0e809008-995f-6d2b-a4bc-3ef61618d398_Requires_cb555efe-2d9e-131f-8195-a89329d218ea" : 
		{
			"show" : false
		},
		"Missing_Dependency_0e809008-995f-6d2b-a4bc-3ef61618d398_Requires_e1ce736b-52e6-e713-e9e7-e6abbb15a198" : 
		{
			"show" : false
		},
		"Missing_Dependency_0e832286-e94d-6540-92ba-25c21d1c0eec_Requires_cb555efe-2d9e-131f-8195-a89329d218ea" : 
		{
			"show" : false
		},
		"Missing_Dependency_0f86b73c-928c-033f-6d2d-abf4f06f462f_Requires_272fdafb-1322-4c19-97da-795a3e12ad98" : 
		{
			"show" : false
		},
		"Missing_Dependency_0f86b73c-928c-033f-6d2d-abf4f06f462f_Requires_55ef175c-59e3-b44b-3fb2-8f86acc5d550" : 
		{
			"show" : false
		},
		"Missing_Dependency_0f86b73c-928c-033f-6d2d-abf4f06f462f_Requires_cb555efe-2d9e-131f-8195-a89329d218ea" : 
		{
			"show" : false
		},
		"Missing_Dependency_0f86b73c-928c-033f-6d2d-abf4f06f462f_Requires_e1ce736b-52e6-e713-e9e7-e6abbb15a198" : 
		{
			"show" : false
		},
		"Missing_Dependency_181522ee-6f03-2621-0d88-75272ed5c0d8_Requires_cb555efe-2d9e-131f-8195-a89329d218ea" : 
		{
			"show" : false
		},
		"Missing_Dependency_194a7429-5b34-7d68-06ee-494607e165e4_Requires_55ef175c-59e3-b44b-3fb2-8f86acc5d550" : 
		{
			"show" : false
		},
		"Missing_Dependency_194a7429-5b34-7d68-06ee-494607e165e4_Requires_cb555efe-2d9e-131f-8195-a89329d218ea" : 
		{
			"show" : false
		},
		"Missing_Dependency_194a7429-5b34-7d68-06ee-494607e165e4_Requires_e1ce736b-52e6-e713-e9e7-e6abbb15a198" : 
		{
			"show" : false
		},
		"Missing_Dependency_19caa3a3-25c3-0c0d-9509-1ae390eaa972_Requires_cb555efe-2d9e-131f-8195-a89329d218ea" : 
		{
			"show" : false
		},
		"Missing_Dependency_1a2df12a-6e03-9347-d114-48b4941feb75_Requires_cb555efe-2d9e-131f-8195-a89329d218ea" : 
		{
			"show" : false
		},
		"Missing_Dependency_1c5e63df-71b5-46b8-e0e2-488660c2a17b_Requires_cb555efe-2d9e-131f-8195-a89329d218ea" : 
		{
			"show" : false
		},
		"Missing_Dependency_1f9ea699-6bd7-9cbc-30f2-522a94c78baf_Requires_cb555efe-2d9e-131f-8195-a89329d218ea" : 
		{
			"show" : false
		},
		"Missing_Dependency_29d47970-757b-0c39-5e93-3e6a5e89684b_Requires_cb555efe-2d9e-131f-8195-a89329d218ea" : 
		{
			"show" : false
		},
		"Missing_Dependency_34030669-2a35-b0fd-ae62-b76b7a9662f0_Requires_55ef175c-59e3-b44b-3fb2-8f86acc5d550" : 
		{
			"show" : false
		},
		"Missing_Dependency_34030669-2a35-b0fd-ae62-b76b7a9662f0_Requires_cb555efe-2d9e-131f-8195-a89329d218ea" : 
		{
			"show" : false
		},
		"Missing_Dependency_34030669-2a35-b0fd-ae62-b76b7a9662f0_Requires_e1ce736b-52e6-e713-e9e7-e6abbb15a198" : 
		{
			"show" : false
		},
		"Missing_Dependency_3eb03809-679d-e6a5-02bf-b27b20c7f08b_Requires_cb555efe-2d9e-131f-8195-a89329d218ea" : 
		{
			"show" : false
		},
		"Missing_Dependency_400daab4-2ffe-436d-dcad-5e5312430f17_Requires_cb555efe-2d9e-131f-8195-a89329d218ea" : 
		{
			"show" : false
		},
		"Missing_Dependency_42d1e5cf-b283-2280-29f0-31aa5759929f_Requires_55ef175c-59e3-b44b-3fb2-8f86acc5d550" : 
		{
			"show" : false
		},
		"Missing_Dependency_42d1e5cf-b283-2280-29f0-31aa5759929f_Requires_cb555efe-2d9e-131f-8195-a89329d218ea" : 
		{
			"show" : false
		},
		"Missing_Dependency_42d1e5cf-b283-2280-29f0-31aa5759929f_Requires_e1ce736b-52e6-e713-e9e7-e6abbb15a198" : 
		{
			"show" : false
		},
		"Missing_Dependency_43a6a201-0bd5-3f0f-6f1f-280165719f89_Requires_55ef175c-59e3-b44b-3fb2-8f86acc5d550" : 
		{
			"show" : false
		},
		"Missing_Dependency_43a6a201-0bd5-3f0f-6f1f-280165719f89_Requires_cb555efe-2d9e-131f-8195-a89329d218ea" : 
		{
			"show" : false
		},
		"Missing_Dependency_43a6a201-0bd5-3f0f-6f1f-280165719f89_Requires_e1ce736b-52e6-e713-e9e7-e6abbb15a198" : 
		{
			"show" : false
		},
		"Missing_Dependency_4587ec98-12ca-9a54-dae9-0a874bfb0ac5_Requires_55ef175c-59e3-b44b-3fb2-8f86acc5d550" : 
		{
			"show" : false
		},
		"Missing_Dependency_4587ec98-12ca-9a54-dae9-0a874bfb0ac5_Requires_cb555efe-2d9e-131f-8195-a89329d218ea" : 
		{
			"show" : false
		},
		"Missing_Dependency_4587ec98-12ca-9a54-dae9-0a874bfb0ac5_Requires_e1ce736b-52e6-e713-e9e7-e6abbb15a198" : 
		{
			"show" : false
		},
		"Missing_Dependency_464ed5a8-250f-6bd1-1d83-7605276c4e03_Requires_55ef175c-59e3-b44b-3fb2-8f86acc5d550" : 
		{
			"show" : false
		},
		"Missing_Dependency_464ed5a8-250f-6bd1-1d83-7605276c4e03_Requires_cb555efe-2d9e-131f-8195-a89329d218ea" : 
		{
			"show" : false
		},
		"Missing_Dependency_464ed5a8-250f-6bd1-1d83-7605276c4e03_Requires_e1ce736b-52e6-e713-e9e7-e6abbb15a198" : 
		{
			"show" : false
		},
		"Missing_Dependency_51418e5f-0f91-a4a4-d8f7-761bd9c4edaf_Requires_cb555efe-2d9e-131f-8195-a89329d218ea" : 
		{
			"show" : false
		},
		"Missing_Dependency_55436d3d-6b2d-41ef-780b-4319ed31a9a7_Requires_cb555efe-2d9e-131f-8195-a89329d218ea" : 
		{
			"show" : false
		},
		"Missing_Dependency_560973fc-4361-152c-d300-ac4f530e48d5_Requires_cb555efe-2d9e-131f-8195-a89329d218ea" : 
		{
			"show" : false
		},
		"Missing_Dependency_591545d9-4091-743c-e1a5-1f1115dec21a_Requires_cb555efe-2d9e-131f-8195-a89329d218ea" : 
		{
			"show" : false
		},
		"Missing_Dependency_5ebf2403-21ff-8edb-6cf8-744d3f87570b_Requires_cb555efe-2d9e-131f-8195-a89329d218ea" : 
		{
			"show" : false
		},
		"Missing_Dependency_638dfabf-73b6-ee61-c5e2-60b1fc813d15_Requires_cb555efe-2d9e-131f-8195-a89329d218ea" : 
		{
			"show" : false
		},
		"Missing_Dependency_64a7f694-2b5a-4758-9778-8dff38842740_Requires_55ef175c-59e3-b44b-3fb2-8f86acc5d550" : 
		{
			"show" : false
		},
		"Missing_Dependency_64a7f694-2b5a-4758-9778-8dff38842740_Requires_cb555efe-2d9e-131f-8195-a89329d218ea" : 
		{
			"show" : false
		},
		"Missing_Dependency_64a7f694-2b5a-4758-9778-8dff38842740_Requires_e1ce736b-52e6-e713-e9e7-e6abbb15a198" : 
		{
			"show" : false
		},
		"Missing_Dependency_64b921d6-7080-49fb-8b18-eed6afd9d62b_Requires_cb555efe-2d9e-131f-8195-a89329d218ea" : 
		{
			"show" : false
		},
		"Missing_Dependency_6610a18f-738d-3320-a43d-6358f84ed5a5_Requires_cb555efe-2d9e-131f-8195-a89329d218ea" : 
		{
			"show" : false
		},
		"Missing_Dependency_68a952f5-8927-8cbb-e66f-196383fcc5ea_Requires_55ef175c-59e3-b44b-3fb2-8f86acc5d550" : 
		{
			"show" : false
		},
		"Missing_Dependency_68a952f5-8927-8cbb-e66f-196383fcc5ea_Requires_cb555efe-2d9e-131f-8195-a89329d218ea" : 
		{
			"show" : false
		},
		"Missing_Dependency_68a952f5-8927-8cbb-e66f-196383fcc5ea_Requires_e1ce736b-52e6-e713-e9e7-e6abbb15a198" : 
		{
			"show" : false
		},
		"Missing_Dependency_69b3279a-d5c0-9bf3-67da-823ec359b44a_Requires_cb555efe-2d9e-131f-8195-a89329d218ea" : 
		{
			"show" : false
		},
		"Missing_Dependency_6a0535cf-1e45-371c-d6cb-51abc5d61fb7_Requires_55ef175c-59e3-b44b-3fb2-8f86acc5d550" : 
		{
			"show" : false
		},
		"Missing_Dependency_6a0535cf-1e45-371c-d6cb-51abc5d61fb7_Requires_cb555efe-2d9e-131f-8195-a89329d218ea" : 
		{
			"show" : false
		},
		"Missing_Dependency_6a0535cf-1e45-371c-d6cb-51abc5d61fb7_Requires_e1ce736b-52e6-e713-e9e7-e6abbb15a198" : 
		{
			"show" : false
		},
		"Missing_Dependency_7066e995-e7fc-3932-10db-9d2c9c7de8c8_Requires_55ef175c-59e3-b44b-3fb2-8f86acc5d550" : 
		{
			"show" : false
		},
		"Missing_Dependency_7066e995-e7fc-3932-10db-9d2c9c7de8c8_Requires_cb555efe-2d9e-131f-8195-a89329d218ea" : 
		{
			"show" : false
		},
		"Missing_Dependency_7066e995-e7fc-3932-10db-9d2c9c7de8c8_Requires_e1ce736b-52e6-e713-e9e7-e6abbb15a198" : 
		{
			"show" : false
		},
		"Missing_Dependency_7131033f-821a-3993-dad4-5bc235cbeb3b_Requires_cb555efe-2d9e-131f-8195-a89329d218ea" : 
		{
			"show" : false
		},
		"Missing_Dependency_73e36653-7090-6d27-284b-e2bc0f3e0604_Requires_cb555efe-2d9e-131f-8195-a89329d218ea" : 
		{
			"show" : false
		},
		"Missing_Dependency_744ee8f2-fee3-1fcb-3d42-d3916bfad826_Requires_cb555efe-2d9e-131f-8195-a89329d218ea" : 
		{
			"show" : false
		},
		"Missing_Dependency_777d21b5-c6ad-80d6-96ac-2dd80c879fcc_Requires_cb555efe-2d9e-131f-8195-a89329d218ea" : 
		{
			"show" : false
		},
		"Missing_Dependency_78753062-b430-4cbf-9e5a-4c3a87cf224a_Requires_cb555efe-2d9e-131f-8195-a89329d218ea" : 
		{
			"show" : false
		},
		"Missing_Dependency_78929dee-d6e8-f714-c3cb-c8bcea2d4091_Requires_55ef175c-59e3-b44b-3fb2-8f86acc5d550" : 
		{
			"show" : false
		},
		"Missing_Dependency_78929dee-d6e8-f714-c3cb-c8bcea2d4091_Requires_cb555efe-2d9e-131f-8195-a89329d218ea" : 
		{
			"show" : false
		},
		"Missing_Dependency_78929dee-d6e8-f714-c3cb-c8bcea2d4091_Requires_e1ce736b-52e6-e713-e9e7-e6abbb15a198" : 
		{
			"show" : false
		},
		"Missing_Dependency_79d2e528-8df6-b307-59d9-058aed9f9ac2_Requires_cb555efe-2d9e-131f-8195-a89329d218ea" : 
		{
			"show" : false
		},
		"Missing_Dependency_7c3bf56c-32f9-3db5-7d24-3624dab8ec46_Requires_55ef175c-59e3-b44b-3fb2-8f86acc5d550" : 
		{
			"show" : false
		},
		"Missing_Dependency_7c3bf56c-32f9-3db5-7d24-3624dab8ec46_Requires_cb555efe-2d9e-131f-8195-a89329d218ea" : 
		{
			"show" : false
		},
		"Missing_Dependency_7c3bf56c-32f9-3db5-7d24-3624dab8ec46_Requires_e1ce736b-52e6-e713-e9e7-e6abbb15a198" : 
		{
			"show" : false
		},
		"Missing_Dependency_7d25fecb-14a8-0f82-cfcd-ce37f712856e_Requires_cb555efe-2d9e-131f-8195-a89329d218ea" : 
		{
			"show" : false
		},
		"Missing_Dependency_835d0854-2998-616e-255c-840387a67d86_Requires_cb555efe-2d9e-131f-8195-a89329d218ea" : 
		{
			"show" : false
		},
		"Missing_Dependency_86d54167-18ac-459e-e949-a3cebbdcacc7_Requires_cb555efe-2d9e-131f-8195-a89329d218ea" : 
		{
			"show" : false
		},
		"Missing_Dependency_89016693-2f63-4d3f-a505-4ce0fbee260e_Requires_55ef175c-59e3-b44b-3fb2-8f86acc5d550" : 
		{
			"show" : false
		},
		"Missing_Dependency_89016693-2f63-4d3f-a505-4ce0fbee260e_Requires_cb555efe-2d9e-131f-8195-a89329d218ea" : 
		{
			"show" : false
		},
		"Missing_Dependency_89016693-2f63-4d3f-a505-4ce0fbee260e_Requires_e1ce736b-52e6-e713-e9e7-e6abbb15a198" : 
		{
			"show" : false
		},
		"Missing_Dependency_8c611d4b-75d9-40eb-ad61-15f898396e12_Requires_cb555efe-2d9e-131f-8195-a89329d218ea" : 
		{
			"show" : false
		},
		"Missing_Dependency_8ccbcf8d-47fe-995a-697f-29995d6ecc84_Requires_55ef175c-59e3-b44b-3fb2-8f86acc5d550" : 
		{
			"show" : false
		},
		"Missing_Dependency_8ccbcf8d-47fe-995a-697f-29995d6ecc84_Requires_cb555efe-2d9e-131f-8195-a89329d218ea" : 
		{
			"show" : false
		},
		"Missing_Dependency_8ccbcf8d-47fe-995a-697f-29995d6ecc84_Requires_e1ce736b-52e6-e713-e9e7-e6abbb15a198" : 
		{
			"show" : false
		},
		"Missing_Dependency_8ead7f8f-6e3f-335d-754e-52eb849fe189_Requires_55ef175c-59e3-b44b-3fb2-8f86acc5d550" : 
		{
			"show" : false
		},
		"Missing_Dependency_8ead7f8f-6e3f-335d-754e-52eb849fe189_Requires_cb555efe-2d9e-131f-8195-a89329d218ea" : 
		{
			"show" : false
		},
		"Missing_Dependency_8ead7f8f-6e3f-335d-754e-52eb849fe189_Requires_e1ce736b-52e6-e713-e9e7-e6abbb15a198" : 
		{
			"show" : false
		},
		"Missing_Dependency_926dee06-6270-b66d-7b8d-5bb3989cdffb_Requires_55ef175c-59e3-b44b-3fb2-8f86acc5d550" : 
		{
			"show" : false
		},
		"Missing_Dependency_926dee06-6270-b66d-7b8d-5bb3989cdffb_Requires_cb555efe-2d9e-131f-8195-a89329d218ea" : 
		{
			"show" : false
		},
		"Missing_Dependency_926dee06-6270-b66d-7b8d-5bb3989cdffb_Requires_e1ce736b-52e6-e713-e9e7-e6abbb15a198" : 
		{
			"show" : false
		},
		"Missing_Dependency_92cafe38-f6d1-c3c8-1171-82ce8d30c707_Requires_cb555efe-2d9e-131f-8195-a89329d218ea" : 
		{
			"show" : false
		},
		"Missing_Dependency_93c6116d-631a-cdc4-c0d3-37c568de4b76_Requires_cb555efe-2d9e-131f-8195-a89329d218ea" : 
		{
			"show" : false
		},
		"Missing_Dependency_93e94a5e-ccc0-1354-e22c-e83f1d0c43e4_Requires_cb555efe-2d9e-131f-8195-a89329d218ea" : 
		{
			"show" : false
		},
		"Missing_Dependency_9b4ebeae-112c-dccf-ca35-b7c1197aee01_Requires_470714b1-7b5b-1866-4730-056ba9d258e8" : 
		{
			"show" : true
		},
		"Missing_Dependency_9deccb56-2e7a-2851-ccf6-0b768a190aab_Requires_55ef175c-59e3-b44b-3fb2-8f86acc5d550" : 
		{
			"show" : false
		},
		"Missing_Dependency_9deccb56-2e7a-2851-ccf6-0b768a190aab_Requires_cb555efe-2d9e-131f-8195-a89329d218ea" : 
		{
			"show" : false
		},
		"Missing_Dependency_9deccb56-2e7a-2851-ccf6-0b768a190aab_Requires_e1ce736b-52e6-e713-e9e7-e6abbb15a198" : 
		{
			"show" : false
		},
		"Missing_Dependency_9e29929b-0e45-3f08-3740-8218ed5330b4_Requires_cb555efe-2d9e-131f-8195-a89329d218ea" : 
		{
			"show" : false
		},
		"Missing_Dependency_9f18515d-4d92-aa6d-fe66-fc3c508ff970_Requires_55ef175c-59e3-b44b-3fb2-8f86acc5d550" : 
		{
			"show" : false
		},
		"Missing_Dependency_9f18515d-4d92-aa6d-fe66-fc3c508ff970_Requires_cb555efe-2d9e-131f-8195-a89329d218ea" : 
		{
			"show" : false
		},
		"Missing_Dependency_9f18515d-4d92-aa6d-fe66-fc3c508ff970_Requires_e1ce736b-52e6-e713-e9e7-e6abbb15a198" : 
		{
			"show" : false
		},
		"Missing_Dependency_a1cc46d8-0e18-9cc3-ff49-39c1b2448ee6_Requires_55ef175c-59e3-b44b-3fb2-8f86acc5d550" : 
		{
			"show" : false
		},
		"Missing_Dependency_a1cc46d8-0e18-9cc3-ff49-39c1b2448ee6_Requires_cb555efe-2d9e-131f-8195-a89329d218ea" : 
		{
			"show" : false
		},
		"Missing_Dependency_a1cc46d8-0e18-9cc3-ff49-39c1b2448ee6_Requires_e1ce736b-52e6-e713-e9e7-e6abbb15a198" : 
		{
			"show" : false
		},
		"Missing_Dependency_a5104d57-e12b-29fe-c9e7-61fefd152828_Requires_55ef175c-59e3-b44b-3fb2-8f86acc5d550" : 
		{
			"show" : false
		},
		"Missing_Dependency_a5104d57-e12b-29fe-c9e7-61fefd152828_Requires_cb555efe-2d9e-131f-8195-a89329d218ea" : 
		{
			"show" : false
		},
		"Missing_Dependency_a5104d57-e12b-29fe-c9e7-61fefd152828_Requires_e1ce736b-52e6-e713-e9e7-e6abbb15a198" : 
		{
			"show" : false
		},
		"Missing_Dependency_acb8993f-c8b0-4e2a-a261-e4dcbd274535_Requires_55ef175c-59e3-b44b-3fb2-8f86acc5d550" : 
		{
			"show" : false
		},
		"Missing_Dependency_acb8993f-c8b0-4e2a-a261-e4dcbd274535_Requires_cb555efe-2d9e-131f-8195-a89329d218ea" : 
		{
			"show" : false
		},
		"Missing_Dependency_acb8993f-c8b0-4e2a-a261-e4dcbd274535_Requires_e1ce736b-52e6-e713-e9e7-e6abbb15a198" : 
		{
			"show" : false
		},
		"Missing_Dependency_b43e03e4-08ff-a74f-53d8-a2c06345d969_Requires_55ef175c-59e3-b44b-3fb2-8f86acc5d550" : 
		{
			"show" : false
		},
		"Missing_Dependency_b43e03e4-08ff-a74f-53d8-a2c06345d969_Requires_cb555efe-2d9e-131f-8195-a89329d218ea" : 
		{
			"show" : false
		},
		"Missing_Dependency_b43e03e4-08ff-a74f-53d8-a2c06345d969_Requires_e1ce736b-52e6-e713-e9e7-e6abbb15a198" : 
		{
			"show" : false
		},
		"Missing_Dependency_b5c10147-9934-bcfc-4fe3-1aa806b77795_Requires_cb555efe-2d9e-131f-8195-a89329d218ea" : 
		{
			"show" : false
		},
		"Missing_Dependency_b72a4134-b658-0c6f-0d45-d4c69e1d6d7a_Requires_55ef175c-59e3-b44b-3fb2-8f86acc5d550" : 
		{
			"show" : false
		},
		"Missing_Dependency_b72a4134-b658-0c6f-0d45-d4c69e1d6d7a_Requires_cb555efe-2d9e-131f-8195-a89329d218ea" : 
		{
			"show" : false
		},
		"Missing_Dependency_b72a4134-b658-0c6f-0d45-d4c69e1d6d7a_Requires_e1ce736b-52e6-e713-e9e7-e6abbb15a198" : 
		{
			"show" : false
		},
		"Missing_Dependency_b8c4eb4c-4b51-46ec-ee98-56835a28f2cf_Requires_55ef175c-59e3-b44b-3fb2-8f86acc5d550" : 
		{
			"show" : false
		},
		"Missing_Dependency_b8c4eb4c-4b51-46ec-ee98-56835a28f2cf_Requires_cb555efe-2d9e-131f-8195-a89329d218ea" : 
		{
			"show" : false
		},
		"Missing_Dependency_b8c4eb4c-4b51-46ec-ee98-56835a28f2cf_Requires_e1ce736b-52e6-e713-e9e7-e6abbb15a198" : 
		{
			"show" : false
		},
		"Missing_Dependency_ba5afe33-adc7-4af3-a636-5c7e85d3e5f3_Requires_55ef175c-59e3-b44b-3fb2-8f86acc5d550" : 
		{
			"show" : false
		},
		"Missing_Dependency_ba5afe33-adc7-4af3-a636-5c7e85d3e5f3_Requires_cb555efe-2d9e-131f-8195-a89329d218ea" : 
		{
			"show" : false
		},
		"Missing_Dependency_ba5afe33-adc7-4af3-a636-5c7e85d3e5f3_Requires_e1ce736b-52e6-e713-e9e7-e6abbb15a198" : 
		{
			"show" : false
		},
		"Missing_Dependency_c11543b5-10b6-3be8-7322-d8fc739b32d4_Requires_cb555efe-2d9e-131f-8195-a89329d218ea" : 
		{
			"show" : false
		},
		"Missing_Dependency_c72a3d25-aed2-b011-3cd9-5ee0618e99a2_Requires_cb555efe-2d9e-131f-8195-a89329d218ea" : 
		{
			"show" : false
		},
		"Missing_Dependency_d66abcbf-b16e-da04-6f4c-73be042935e7_Requires_55ef175c-59e3-b44b-3fb2-8f86acc5d550" : 
		{
			"show" : false
		},
		"Missing_Dependency_d66abcbf-b16e-da04-6f4c-73be042935e7_Requires_cb555efe-2d9e-131f-8195-a89329d218ea" : 
		{
			"show" : false
		},
		"Missing_Dependency_d66abcbf-b16e-da04-6f4c-73be042935e7_Requires_e1ce736b-52e6-e713-e9e7-e6abbb15a198" : 
		{
			"show" : false
		},
		"Missing_Dependency_dbbd6657-8d49-4cca-97a2-7fef25d0d513_Requires_55ef175c-59e3-b44b-3fb2-8f86acc5d550" : 
		{
			"show" : false
		},
		"Missing_Dependency_dbbd6657-8d49-4cca-97a2-7fef25d0d513_Requires_cb555efe-2d9e-131f-8195-a89329d218ea" : 
		{
			"show" : false
		},
		"Missing_Dependency_dbbd6657-8d49-4cca-97a2-7fef25d0d513_Requires_e1ce736b-52e6-e713-e9e7-e6abbb15a198" : 
		{
			"show" : false
		},
		"Missing_Dependency_decd63fa-4853-7e5a-cceb-f26fe5342dfd_Requires_cb555efe-2d9e-131f-8195-a89329d218ea" : 
		{
			"show" : false
		},
		"Missing_Dependency_e146fb3b-e8ea-146b-e7b3-e813d9a66ed3_Requires_55ef175c-59e3-b44b-3fb2-8f86acc5d550" : 
		{
			"show" : false
		},
		"Missing_Dependency_e146fb3b-e8ea-146b-e7b3-e813d9a66ed3_Requires_cb555efe-2d9e-131f-8195-a89329d218ea" : 
		{
			"show" : false
		},
		"Missing_Dependency_e146fb3b-e8ea-146b-e7b3-e813d9a66ed3_Requires_e1ce736b-52e6-e713-e9e7-e6abbb15a198" : 
		{
			"show" : false
		},
		"Missing_Dependency_e54f5ed7-cd47-8d14-b3f6-fc7ad7ee742e_Requires_cb555efe-2d9e-131f-8195-a89329d218ea" : 
		{
			"show" : false
		},
		"Missing_Dependency_e79f6d0c-d430-fdf6-616a-3c1e9a1fb4e1_Requires_cb555efe-2d9e-131f-8195-a89329d218ea" : 
		{
			"show" : false
		},
		"Missing_Dependency_e8f3756c-2f9d-b50e-2934-c664954432b5_Requires_55ef175c-59e3-b44b-3fb2-8f86acc5d550" : 
		{
			"show" : false
		},
		"Missing_Dependency_e8f3756c-2f9d-b50e-2934-c664954432b5_Requires_cb555efe-2d9e-131f-8195-a89329d218ea" : 
		{
			"show" : false
		},
		"Missing_Dependency_e8f3756c-2f9d-b50e-2934-c664954432b5_Requires_e1ce736b-52e6-e713-e9e7-e6abbb15a198" : 
		{
			"show" : false
		},
		"Missing_Dependency_f0a59ad2-fb94-2e3d-bb7b-4c051b80257b_Requires_cb555efe-2d9e-131f-8195-a89329d218ea" : 
		{
			"show" : false
		},
		"Missing_Dependency_f148638d-8ffc-635d-4307-d4db40d40734_Requires_55ef175c-59e3-b44b-3fb2-8f86acc5d550" : 
		{
			"show" : false
		},
		"Missing_Dependency_f148638d-8ffc-635d-4307-d4db40d40734_Requires_cb555efe-2d9e-131f-8195-a89329d218ea" : 
		{
			"show" : false
		},
		"Missing_Dependency_f148638d-8ffc-635d-4307-d4db40d40734_Requires_e1ce736b-52e6-e713-e9e7-e6abbb15a198" : 
		{
			"show" : false
		},
		"Missing_Dependency_f522952c-b0a7-9978-6078-1c45f6667f00_Requires_cb555efe-2d9e-131f-8195-a89329d218ea" : 
		{
			"show" : false
		},
		"Missing_Dependency_f716bc99-6684-c720-9f89-44cf26d9865f_Requires_cb555efe-2d9e-131f-8195-a89329d218ea" : 
		{
			"show" : false
		},
		"Missing_Dependency_f8929143-bd22-fcac-aeae-a12d07330b5d_Requires_cb555efe-2d9e-131f-8195-a89329d218ea" : 
		{
			"show" : false
		},
		"Missing_Dependency_f9fdd8af-7637-a542-ee3e-f7e182a41ca3_Requires_cb555efe-2d9e-131f-8195-a89329d218ea" : 
		{
			"show" : false
		},
		"Missing_Dependency_fa49db03-caa7-49c8-7c76-e6c38b60267a_Requires_55ef175c-59e3-b44b-3fb2-8f86acc5d550" : 
		{
			"show" : false
		},
		"Missing_Dependency_fa49db03-caa7-49c8-7c76-e6c38b60267a_Requires_cb555efe-2d9e-131f-8195-a89329d218ea" : 
		{
			"show" : false
		},
		"Missing_Dependency_fa49db03-caa7-49c8-7c76-e6c38b60267a_Requires_e1ce736b-52e6-e713-e9e7-e6abbb15a198" : 
		{
			"show" : false
		},
		"Missing_Dependency_fbce759c-4942-4660-0061-75697f826361_Requires_cb555efe-2d9e-131f-8195-a89329d218ea" : 
		{
			"show" : false
		},
		"Missing_Dependency_fdd8955f-00b1-ffb9-93b1-9e031002821d_Requires_55ef175c-59e3-b44b-3fb2-8f86acc5d550" : 
		{
			"show" : false
		},
		"Missing_Dependency_fdd8955f-00b1-ffb9-93b1-9e031002821d_Requires_cb555efe-2d9e-131f-8195-a89329d218ea" : 
		{
			"show" : false
		},
		"Missing_Dependency_fdd8955f-00b1-ffb9-93b1-9e031002821d_Requires_e1ce736b-52e6-e713-e9e7-e6abbb15a198" : 
		{
			"show" : false
		},
		"Missing_Dependency_ff85798b-3784-d129-2a7e-0ac6b12730e5_Requires_55ef175c-59e3-b44b-3fb2-8f86acc5d550" : 
		{
			"show" : false
		},
		"Missing_Dependency_ff85798b-3784-d129-2a7e-0ac6b12730e5_Requires_cb555efe-2d9e-131f-8195-a89329d218ea" : 
		{
			"show" : false
		},
		"Missing_Dependency_ff85798b-3784-d129-2a7e-0ac6b12730e5_Requires_e1ce736b-52e6-e713-e9e7-e6abbb15a198" : 
		{
			"show" : false
		}
	}
}