{
  "Optional Features":{
    "Barbarian":{
      "Enabled":true
    },
    "Bard":{
      "Enabled":true
    },
    "Cleric":{
      "Enabled":true
    },
    "Druid":{
      "Enabled":true
    },
    "Fighter":{
      "Enabled":true
    },
    "Monk":{
      "Enabled":true
    },
    "Paladin":{
      "Enabled":true
    },
    "Ranger":{
      "Enabled":true
    },
    "Rogue":{
      "Enabled":true
    },
    "Sorcerer":{
      "Enabled":true
    },
    "Wizard":{
      "Enabled":true
    }
  },
  "XP Rate":{
    "Level 1":{
      "EXP": 30.0
    },
    "Level 2":{
      "EXP": 60.0
    },
    "Level 3":{
      "EXP": 1800.0
    },
    "Level 4":{
      "EXP": 3800.0
    },
    "Level 5":{
      "EXP": 6500.0
    },
    "Level 6":{
      "EXP": 8270.0
    },
    "Level 7":{
      "EXP": 9540.0
    },
    "Level 8":{
      "EXP": 12000.0
    },
    "Level 9":{
      "EXP": 14000.0
    },
    "Level 10":{
      "EXP": 20000.0
    },
    "Level 11":{
      "EXP": 24000.0
    },
    "Level 12":{
      "EXP": 30000.0
    },
    "Level 13":{
      "EXP": 20000.0
    },
    "Level 14":{
      "EXP": 25000.0
    },
    "Level 15":{
      "EXP": 30000.0
    },
    "Level 16":{
      "EXP": 30000.0
    },
    "Level 17":{
      "EXP": 40000.0
    },
    "Level 18":{
      "EXP": 40000.0
    },
    "Level 19":{
      "EXP": 50000.0
    },
    "Level 20":{
      "EXP": 50000.0
    },
    "Max Level":{
      "Level": 12
    }
  },
  "Feats":{
    "2nd Level":{
      "Enabled":false
    },
    "2nd & 3rd Level":{
      "Enabled":false
    },
    "Every Level":{
      "Enabled":false
    },
    "Every 2nd Level":{
      "Enabled":false
    },
    "Every 3rd Level":{
      "Enabled":false
    }
  },
  "Miscellaneous":{
    "Sorcerer Subclasses 14th Level Feature":{
      "Enabled":false
    },
    "Wizard Bladesinger":{
      "Enabled":true
    }
  }
}