{
	"BG3MCM" : 
	{
		"Dependency_Missing_Version_Info_4b1035f1-6e41-4591-8516-72752a448681_Requires_4cb0fd40-7212-4fe9-8733-9a8dbc6637ae" : 
		{
			"show" : false
		},
		"Dependency_Missing_Version_Info_a175d16b-2a1b-4711-9b26-2002f8a83f18_Requires_4cb0fd40-7212-4fe9-8733-9a8dbc6637ae" : 
		{
			"show" : false
		},
		"Dependency_Version_Issue_163a16e7-7e92-475d-a979-24de44fdd9d1_Requires_755a8a72-407f-4f0d-9a33-274ac0f0b53d_1.18.0.0_Loaded_1.17.1.0" : 
		{
			"show" : false
		},
		"Dependency_Version_Issue_5442c1bf-c118-48bc-87f1-c90bcc024b1c_Requires_755a8a72-407f-4f0d-9a33-274ac0f0b53d_1.19.1.0_Loaded_1.17.1.0" : 
		{
			"show" : true
		},
		"Dependency_Version_Issue_964d7bb3-2ab1-c592-1f9c-8b04a290518b_Requires_ce2b2255-4328-4783-a696-f4f9bd34901b_5.5.7.61_Loaded_5.5.7.58" : 
		{
			"show" : false
		},
		"Migrated_listV2_setting_ignore_weaponsfor_mod_1c132ec4-4cd2-4c40-aeb9-ff6ee0467da8" : 
		{
			"show" : false
		}
	}
}