{
	"ARM_Gloves_Hide" : true,
	"ARR_Arrow_Normal" : true,
	"BASE_CONS_Drink_Potion" : true,
	"BASE_LOOT_Arrow" : true,
	"BASE_LOOT_Belt" : true,
	"BASE_LOOT_Dye" : true,
	"BASE_LOOT_Gem" : true,
	"BASE_LOOT_Music" : true,
	"BASE_LOOT_Necklace" : true,
	"BGO_Cabbage_Spoiled" : true,
	"CINE_ARR_Arrow_Normal" : true,
	"CINE_CONS_GEN_Drink_Mug_Metal_A_Empty" : true,
	"CINE_DEC_Dungeon_Skeleton_Skull_A" : true,
	"CINE_DEC_FARM_Bucket_A" : true,
	"CINE_DEC_GEN_Ink_Pot_Quill_A" : true,
	"CINE_DEC_GEN_KitchenInstrument_Spoon_B_Wood_A" : true,
	"CINE_DEC_GEN_Paintbrush_A" : true,
	"CINE_LOOT_Alchemy_Crystal_I" : true,
	"CINE_LOOT_GEN_Needle_A" : true,
	"CINE_LOOT_GEN_Palette_Paint_A" : true,
	"CINE_LOOT_GEN_Poop_A" : true,
	"CINE_LOOT_GEN_Poop_B" : true,
	"CINE_LOOT_GEN_Wheat_A" : true,
	"CINE_LOOT_GOB_Spear_Tip_A" : true,
	"CINE_TOOL_Camp_Bedroll_Open_A" : true,
	"CINE_TOOL_Camp_Bedroll_Open_C" : true,
	"CINE_TOOL_GEN_Broom_B" : true,
	"CINE_TOOL_GEN_Hammer_Repair_A" : true,
	"CINE_TOOL_GEN_Tong_A" : true,
	"CINE_TOOL_GOB_Branding_Tool_A" : true,
	"CINE_TOOL_GTY_Microscope_A" : true,
	"CINE_TOOL_Masonry_Hammer_A" : true,
	"CONS_Drink_Bottle_Small_A" : true,
	"CONS_Drink_Bottle_Small_B" : true,
	"CONS_Drink_Bottle_Small_C" : true,
	"CONS_Drink_Bottle_Small_D" : true,
	"CONS_Drink_Bottle_Small_E" : true,
	"CONS_Drink_Potion_A" : true,
	"CONS_Drink_Potion_B" : true,
	"CONS_Drink_Potion_C" : true,
	"CONS_Drink_Potion_D" : true,
	"CONS_Drink_Wine_Glass_A" : true,
	"CONS_FOOD_Fish_Rotten_A" : true,
	"CONS_FOOD_Fish_Rotten_B" : true,
	"CONS_FOOD_Fish_Rotten_C" : true,
	"CONS_FOOD_Fish_Rotten_D" : true,
	"CONS_FOOD_Fruit_Banana_A_Rotten" : true,
	"CONS_FOOD_Fruit_Lemon_A_Rotten" : true,
	"CONS_FOOD_Mushroom_Bluecap" : true,
	"CONS_FOOD_Vegetable_Carrot_A_Rotten" : true,
	"CONS_FOOD_Vegetable_Tomato_A_Rotten" : true,
	"CONS_Fungi_Mushroom_Agaric_A_Rotten" : true,
	"CONS_Fungi_Mushroom_Agaric_B_Rotten" : true,
	"CONS_GEN_Alcohol_Bottle_Cheap_D" : true,
	"CONS_GEN_Drink_Cup_Metal_A_Empty" : true,
	"CONS_GEN_Drink_Cup_Metal_A_Flipped" : true,
	"CONS_GEN_Drink_Cup_Metal_A_Oil" : true,
	"CONS_GEN_Drink_Mug_Metal_A_Beer" : true,
	"CONS_GEN_Drink_Mug_Metal_A_Empty" : true,
	"CONS_GEN_Food_Cheese_Blue_Piece_A_Rotten" : true,
	"CONS_GEN_Food_Cheese_Blue_Piece_B_Rotten" : true,
	"CONS_GEN_Food_Cheese_Blue_Wheel_A_Rotten" : true,
	"CONS_GEN_Food_Cheese_Cheddar_Piece_A_Rotten" : true,
	"CONS_GEN_Food_Cheese_Cheddar_Piece_B_Rotten" : true,
	"CONS_GEN_Food_Cheese_Cheddar_Wheel_A_Rotten" : true,
	"CONS_GEN_Food_Cheese_Goat_Piece_A_Rotten" : true,
	"CONS_GEN_Food_Cheese_Goat_Piece_B_Rotten" : true,
	"CONS_GEN_Food_Cheese_Goat_Wheel_A_Rotten" : true,
	"CONS_GEN_Food_Eggs_A_Rotten" : true,
	"CONS_GEN_Food_Plate_A" : true,
	"CONS_GEN_Food_Plate_B" : true,
	"CONS_GEN_Rotten_Food" : true,
	"CONT_Jergal_Urn_Bones_A" : true,
	"DEC_Dungeon_Skeleton_Skull_A" : true,
	"DEC_Dungeon_Skeleton_Skull_A_Bloody_A" : true,
	"DEC_GEN_Gore_Pile_A" : true,
	"DEC_GEN_Gore_Pile_A_DarkUrgeButler" : true,
	"DEC_GEN_Hanging_Furnace_Pot_A" : true,
	"DEC_GEN_Ink_Pot_Closed_A" : true,
	"DEC_GEN_Ink_Pot_Open_A" : true,
	"DEC_GEN_Ink_Pot_QuillAndPot_A" : true,
	"DEC_GEN_Ink_Pot_Quill_A" : true,
	"DEC_GEN_Junk_A_FishSkeleton_A" : true,
	"DEC_GEN_Kitchen_Bucket_A" : true,
	"DEC_GEN_Kitchen_Cutlery_Glass_Poor_A" : true,
	"DEC_GEN_Kitchen_Cutlery_Plate_Poor_A" : true,
	"DEC_GEN_Kitchen_CuttingBoard_A" : true,
	"DEC_GEN_Kitchen_Pan_A" : true,
	"DEC_GEN_Kitchen_Pan_B" : true,
	"DEC_GEN_Kitchen_Plate_A" : true,
	"DEC_GEN_Kitchen_Pot_A" : true,
	"DEC_GEN_Kitchen_Pot_B" : true,
	"DEC_GEN_Kitchen_Pot_C" : true,
	"DEC_GEN_Owlbear_Plush_Toy_A" : true,
	"DEC_GEN_Towel_A" : true,
	"DEC_GEN_Towel_B" : true,
	"DEC_GEN_Towel_Blood_Holding_A" : true,
	"DEC_GEN_Towel_Bloody_A" : true,
	"DEC_GEN_Towel_Bloody_B" : true,
	"DEC_GEN_Towel_Bloody_C" : true,
	"DEC_GEN_Towel_C" : true,
	"DEC_GEN_Towels_Pile_A" : true,
	"DEC_GEN_Towels_Pile_B" : true,
	"DEC_GEN_Towels_Pile_Bloody_A" : true,
	"DEC_GEN_Towels_Pile_Bloody_B" : true,
	"DEC_GEN_Towels_Stacked_A" : true,
	"DEC_GEN_Towels_Stacked_A_converted" : true,
	"DEC_GEN_Towels_Stacked_B" : true,
	"DEC_GEN_Towels_Stacked_B_converted" : true,
	"DEC_GEN_Towels_Stacked_Bloody_A" : true,
	"DEC_GEN_Towels_Stacked_Bloody_B" : true,
	"DEC_GEN_Towels_Stacked_Bloody_C" : true,
	"DEC_GEN_Towels_Stacked_Bloody_D" : true,
	"DEC_GEN_Towels_Stacked_Bloody_E" : true,
	"DEC_GEN_Towels_Stacked_Bloody_F" : true,
	"DEC_GEN_Towels_Stacked_C" : true,
	"DEC_GEN_Towels_Stacked_C_converted" : true,
	"DEC_GEN_Towels_Stacked_D" : true,
	"DEC_GEN_Towels_Stacked_D_converted" : true,
	"DEC_GEN_Towels_Stacked_E" : true,
	"DEC_GEN_Towels_Stacked_E_converted" : true,
	"DEC_GEN_Towels_Stacked_F" : true,
	"DEC_GEN_Towels_Stacked_F_converted" : true,
	"DEC_HAG_Tea_Pot_A" : true,
	"DEC_HAG_Totem_Props_Bottle_A" : true,
	"DEC_HAG_Totem_Props_Bowl_A" : true,
	"DEC_HAR_Bucket_Empty_A" : true,
	"DEC_HAR_FishingRod_A" : true,
	"DEC_HAR_FishingRod_B" : true,
	"DEC_HAR_FishingRod_C" : true,
	"DEC_HAR_Pier_Rope_A" : true,
	"DEC_Harbour_Shell_Conch_B" : true,
	"DEC_Harbour_Shell_Conch_C" : true,
	"DEC_Harbour_Shell_Starfish_A" : true,
	"DEC_Harbour_Shell_Venus_A" : true,
	"DEC_Hospital_Bloodbank_Transfusion_Bottle_B" : true,
	"DEC_Laboratory_Flask_Glass_Installation_A" : true,
	"DEC_Laboratory_Flask_Glass_Installation_A_GlowA" : true,
	"DEC_Laboratory_Flask_Glass_Installation_B" : true,
	"DEC_Laboratory_Flask_Glass_Installation_B_Empty_A" : true,
	"DEC_Laboratory_Flask_Glass_Installation_B_GlowA" : true,
	"DEC_Laboratory_Flask_Glass_Installation_C" : true,
	"DEC_Laboratory_Flask_Glass_Installation_C_Empty_A" : true,
	"DEC_Laboratory_Flask_Glass_Installation_C_GlowA" : true,
	"DEC_Laboratory_Flask_Glass_Installation_D" : true,
	"DEC_Laboratory_Flask_Glass_Installation_D_Empty_A" : true,
	"DEC_Laboratory_Flask_Glass_Installation_D_GlowA" : true,
	"DEC_Laboratory_Flask_Glass_Installation_D_Glow_Green_A" : true,
	"DEC_Laboratory_Flask_Glass_Installation_E" : true,
	"DEC_Laboratory_Flask_Glass_Installation_E_Empty_A" : true,
	"DEC_Laboratory_Flask_Glass_Installation_E_GlowA" : true,
	"FUR_GEN_Kitchen_Cup_Glass_A" : true,
	"FUR_GEN_Kitchen_Cup_Glass_B" : true,
	"LAB_GEN_Bottle_A" : true,
	"LAB_GEN_Bottle_B" : true,
	"LAB_GEN_Bottle_C" : true,
	"LAB_GEN_Bottle_D" : true,
	"LAB_GEN_Bottle_E" : true,
	"LOOT_Dungeon_SharTemple_Gem_A" : true,
	"LOOT_Dungeon_Skeleton_Animal_RamBone_A" : true,
	"LOOT_Dungeon_Skeleton_Animal_RamBone_B" : true,
	"LOOT_GEN_Bedlinen_A_Folded" : true,
	"LOOT_GEN_Bowl_Metal_A" : true,
	"LOOT_GEN_Bowl_Wooden_A" : true,
	"LOOT_GEN_Bowl_Wooden_A_Frog_A" : true,
	"LOOT_GEN_Charcoal_A" : true,
	"LOOT_GEN_Charcoal_B" : true,
	"LOOT_GEN_Charcoal_C" : true,
	"LOOT_GEN_Charcoal_D" : true,
	"LOOT_GEN_Charcoal_E" : true,
	"LOOT_GEN_DryBone_A" : true,
	"LOOT_GEN_Ghastly_Bottles_A" : true,
	"LOOT_GEN_Ghastly_Bottles_B" : true,
	"LOOT_GEN_Ghastly_Bottles_C" : true,
	"LOOT_GEN_Ghastly_Bottles_D" : true,
	"LOOT_GEN_Ghastly_Bottles_E" : true,
	"LOOT_GEN_Ghastly_Bottles_F" : true,
	"LOOT_GEN_Ghastly_Bottles_G" : true,
	"LOOT_GEN_Junk_A_FishSkeleton_A" : true,
	"LOOT_GEN_Toy_TeddyBear_A_Clean" : true,
	"LOOT_GEN_Toy_TeddyBear_A_Worn" : true,
	"LOOT_GEN_Toy_TeddyBear_B" : true,
	"LOOT_GEN_Toy_TeddyBear_C" : true,
	"LOOT_GEN_Toy_TeddyBear_D" : true,
	"LOOT_GEN_Toy_TeddyBear_E" : true,
	"LOOT_GEN_Toy_TeddyBear_F" : true,
	"LOOT_GEN_Toy_TeddyBear_G" : true,
	"LOOT_GEN_Toy_WoodenBlock_A" : true,
	"LOOT_GEN_Toy_WoodenBlock_B" : true,
	"LOOT_GEN_Toy_WoodenBlock_C" : true,
	"LOOT_GEN_Toy_WoodenBlock_D" : true,
	"LOOT_GEN_Wheat_A" : true,
	"LOOT_GOB_Spear_Tip_A" : true,
	"LOOT_HAG_Skeleton_Ribs_A" : true,
	"LOOT_Smith_Bellows_A" : true,
	"LOOT_Smith_Tongs_A" : true,
	"LOOT_Smith_Tongs_B" : true,
	"LOOT_Smith_Tongs_C" : true,
	"LOOT_Smith_Tongs_D" : true,
	"LOOT_Smith_Tongs_E" : true,
	"TOOL_Camp_Bedroll_Closed_A" : true,
	"TOOL_Camp_Bedroll_Open_A" : true,
	"TOOL_Camp_Bedroll_Open_B" : true,
	"TOOL_Camp_Bedroll_Open_C" : true,
	"TOOL_Camp_Bedroll_Open_D" : true,
	"TOOL_Camp_Bedroll_Open_E" : true,
	"TOOL_Camp_Bedroll_Open_F" : true,
	"TOOL_Camp_Bedroll_Open_G" : true,
	"TOOL_Camp_Bedroll_Open_H" : true,
	"TOOL_GEN_Broom_A" : true,
	"TOOL_GEN_Broom_B" : true,
	"TOOL_GEN_Hammer_Repair_A" : true,
	"TOOL_GEN_Identifying_Glass_A" : true,
	"TOOL_GEN_Music_Guitar_Lute_A_Broken" : true,
	"TOOL_GEN_Pitchfork_A" : true,
	"TOOL_GEN_Tong_A" : true,
	"TOOL_GOB_Branding_Tool_A" : true,
	"TOOL_GTY_Microscope_A" : true,
	"TOOL_Hospital_Surgery_Kit_A" : true,
	"TOOL_Hospital_Surgery_Kit_B" : true,
	"TOOL_Masonry_Chisel_Kit_A" : true,
	"TOOL_Masonry_Hammer_A" : true,
	"TOOL_Rope_A" : true
}