{
	"ARM_Gloves_Hide" : "ff2db301-84a9-4449-a85e-babe48f10c02",
	"ARR_Arrow_Normal" : "385ae7e0-1f39-43aa-be7f-4c0a881a2b45",
	"BASE_CONS_Drink_Potion" : "277257bc-38f5-4c51-be13-32498e8cbd3d",
	"BASE_LOOT_Arrow" : "493d043f-3eb1-4a57-b41d-0129f3e07444",
	"BASE_LOOT_Belt" : "73a1b987-f64d-43ce-9578-71fd37c6269d",
	"BASE_LOOT_Dye" : "1a750a66-e5c2-40be-9f62-0a4bf3ddb403",
	"BASE_LOOT_Gem" : "93380b9c-cf4f-413d-99a7-7e2897cdb94e",
	"BASE_LOOT_Music" : "ddf636cb-5d3c-43dc-a33b-fc92df496e95",
	"BASE_LOOT_Necklace" : "303990e3-5546-44a3-9c5a-f9aa1702ad51",
	"BASE_LOOT_Ring" : "0af630e0-82eb-4b83-baa2-e296f97a7a4e",
	"BASE_LOOT_Spell_TransmutersStone" : "07fa63ae-349e-4535-8473-970fec96cdb2",
	"BASE_LOOT_Valuable" : "deb1c368-16c8-4dc4-8bb0-aaa1bd80cda2",
	"BGO_Cabbage_Spoiled" : "c8c45a00-9ad5-4f93-809c-3fd36a28d7ec",
	"BOOK_GEN_Paper_Gortash_Poster_A" : "9a5a9588-27c4-4e44-b8a2-0eeb0e932967",
	"CINE_ARR_Arrow_Normal" : "774ff8ce-679b-4f4b-91f8-ac3cb07680cd",
	"CINE_CONS_GEN_Drink_Mug_Metal_A_Empty" : "1de33715-c86a-4ec6-a38c-9e2be94abbe8",
	"CINE_DEC_FARM_Bucket_A" : "5825eed5-043a-4425-b5ba-7616bec6c3e6",
	"CINE_DEC_GEN_Corpse_Body_Part_DecapitedHead_C" : "a17c7267-a642-4c80-9b29-8ab330be5e75",
	"CINE_DEC_GEN_Corpse_Body_Part_Guts_A" : "1619267a-ecd3-4a44-8793-1ff913f1db4f",
	"CINE_DEC_GEN_Corpse_Body_Part_Guts_A_Cinematic" : "f3740c7c-4fda-4a55-9515-5be3b7b2edbe",
	"CINE_DEC_GEN_Corpse_Body_Part_HeadFemale_A" : "05f21b07-2308-44ec-94d3-ef3511cdfcc6",
	"CINE_DEC_GEN_Ink_Pot_Quill_A" : "ce9d911f-b083-4666-aac1-9eabf8c00c31",
	"CINE_DEC_GEN_KitchenInstrument_Spoon_B_Wood_A" : "30a151c3-da3d-429c-af41-d3c8208cac3f",
	"CINE_DEC_GEN_Paintbrush_A" : "ee8b8cc8-6b24-45d4-b5ba-20fce2830a8e",
	"CINE_DEC_HAG_Hair_Cinematic_A" : "5a7d4130-3205-44c0-97df-9588f9575600",
	"CINE_FUR_GEN_Kitchen_Cup_Glass_A" : "8a21c890-37ce-4e24-b8d3-0065546cee41",
	"CINE_FUR_GEN_Painting_Portrait_Ketheric_Nightsong_A" : "e9f157a4-d26c-4f2e-ae0d-b690649cba3a",
	"CINE_FUR_GEN_Painting_Portrait_Ketheric_Nightsong_B" : "cb5502eb-4d96-48e3-8431-8403c7a6ede8",
	"CINE_LOOT_Alchemy_Crystal_I" : "1de5f2dc-c50a-4088-ba21-520d57404786",
	"CINE_LOOT_COINS_Copper_Pile_Single_A" : "8f1d02f9-5fc7-49f8-9c23-d86accc83ebc",
	"CINE_LOOT_Druid_Autopsy_Set_Empty" : "4c314f64-bb25-4cbd-8ab3-33b139113249",
	"CINE_LOOT_Druid_Autopsy_Set_Long_Liquid" : "b5a9b319-42d6-470f-a229-07a64706cac4",
	"CINE_LOOT_Druid_Autopsy_Set_Long_Tentacles" : "4a774df7-2644-4672-9d85-f452e59917f2",
	"CINE_LOOT_Druid_Autopsy_Set_Small_Eye" : "34e1f3ed-5f88-4190-9b9b-4e79e169dc32",
	"CINE_LOOT_Druid_Autopsy_Set_Small_Flowers" : "7d321bf4-f8c5-433b-9271-5dafc0187850",
	"CINE_LOOT_GEM_Topaz_A" : "f8e84511-a504-4697-b721-c5814fb928c0",
	"CINE_LOOT_GEN_AdamantineScrap_A" : "78bdab10-9911-4162-acf5-659988716894",
	"CINE_LOOT_GEN_AdamantineScrap_A_Piece" : "8ad1763a-ab11-4818-a755-7ee7675cb645",
	"CINE_LOOT_GEN_Dining_Glass_Silver_Rich_A" : "d91c7e59-44f0-4fad-890f-73b9d4b4140b",
	"CINE_LOOT_GEN_Dining_Glass_Silver_Rich_D" : "45a7bf74-0ecb-474c-9cfe-f135bdad5fe8",
	"CINE_LOOT_GEN_DryBone_A" : "d0e5eda3-c931-4850-a32e-b5c84502a684",
	"CINE_LOOT_GEN_Eye_A" : "0df3e2e6-2b2a-4823-b04c-b481da967dd4",
	"CINE_LOOT_GEN_Githyanki_Map_A_Rigged_A" : "2f104d54-e801-4a49-b711-e6bbf10ee214",
	"CINE_LOOT_GEN_HandMirror_A_Metal_A" : "1a33140c-f637-44ad-a4e1-5272acdf3e9a",
	"CINE_LOOT_GEN_IcePick_A" : "e7926ce9-3460-4216-ac78-4f0c45cca048",
	"CINE_LOOT_GEN_Kitchen_Cutlery_Fork_Rich_A" : "5093d19c-2af1-43c6-8900-350c0ace73a4",
	"CINE_LOOT_GEN_Kitchen_Cutlery_Knife_Rich_A" : "6c4bfc76-5352-4ff3-92d2-5f141eb949ba",
	"CINE_LOOT_GEN_Locket_Mayrina_Closed_A" : "d386931d-b5f9-4bf6-8fbb-1048bea360c5",
	"CINE_LOOT_GEN_Needle_A" : "6368c14d-d657-4fa4-84f1-61eefe035a44",
	"CINE_LOOT_GEN_Palette_Paint_A" : "c705abfd-7bdc-464c-a260-d451666d1a63",
	"CINE_LOOT_GEN_Poop_A" : "78afbe62-7ed3-4dad-a6b5-3db71cb8e75f",
	"CINE_LOOT_GEN_Poop_B" : "254072ed-7bb2-4cb1-bd69-1504bb02a8e4",
	"CINE_LOOT_GEN_Wheat_A" : "6d785742-4ccf-4b16-a870-e5e5ea21ac3d",
	"CINE_LOOT_GOB_Spear_Tip_A" : "72be54cf-b59e-4c50-9863-aca19d115b9e",
	"CINE_LOOT_Toy_Ball_Small" : "216e88fa-3411-46e8-95b6-42bdfe91099a",
	"CINE_MF_Rune_Key_A" : "c582869f-a407-4f7f-86b8-eaa15c890a52",
	"CINE_PREPROD_PROTOTYPE_UTILITY_Mug_A" : "7982871b-9a78-427a-a1b3-a7f3413e62f8",
	"CINE_Sharran_Mask" : "0e204d8b-a613-4a2e-831c-7148f2908996",
	"CINE_TOOL_Camp_Bedroll_Open_A" : "ccee4ca8-27a0-47e2-8da4-aa4cd54c59d7",
	"CINE_TOOL_Camp_Bedroll_Open_C" : "0bcf0c84-eb7d-48c5-9d82-ab2be362f250",
	"CINE_TOOL_GEN_Broom_B" : "a049fe59-929f-4114-83ce-a1392471137c",
	"CINE_TOOL_GEN_Hammer_Repair_A" : "84d29009-3746-4ecc-ac7f-4e6dae3525b4",
	"CINE_TOOL_GEN_Music_Guitar_Lute_B_Broken" : "903e1c21-e081-40fa-9a49-809e32b7f421",
	"CINE_TOOL_GEN_Tong_A" : "16419a3c-c398-4361-90ac-152c60cad566",
	"CINE_TOOL_GOB_Branding_Tool_A" : "60f96f90-ae41-455c-90fb-c8b611c7dc3e",
	"CINE_TOOL_GTY_Microscope_A" : "62e6b108-e7d6-4141-81ee-53c11a29e896",
	"CINE_TOOL_Masonry_Hammer_A" : "0c795a38-cbb5-4eff-a1d2-908aa14bb612",
	"CINE_UNI_DEN_PoisonousThorn_A_Cinematic" : "91c883ff-9c21-4da8-bc34-1eab397e92ab",
	"CINE_UNI_LOOT_Darkurge_Goblin_Toe" : "3be28c89-6111-4518-a181-21e164ce92d0",
	"CONS_Drink_Bottle_Small_A" : "af808d7c-c8d6-4924-94a9-35bffd450803",
	"CONS_Drink_Bottle_Small_B" : "ca841f8d-ce89-441e-8d68-d1dc0beb4852",
	"CONS_Drink_Bottle_Small_C" : "23eba153-fbe2-4a93-a1c5-48e92d5f7d08",
	"CONS_Drink_Bottle_Small_D" : "5ff9d56d-a03d-423b-b73b-4b770fd40e01",
	"CONS_Drink_Bottle_Small_E" : "d8745b94-6d00-4fde-9451-1b8c91a6f41d",
	"CONS_Drink_Canteen_A" : "913341fe-1edc-4782-992f-606a3c3a493c",
	"CONS_Drink_DemiJohn_A" : "56813fb8-5862-4de7-9a11-5cc5b4160753",
	"CONS_Drink_DemiJohn_A_Stand_A" : "2df4a80f-710c-4f94-b469-c6ef00ff5118",
	"CONS_Drink_DemiJohn_A_Stand_B" : "88df608d-dc2f-4c01-9b25-03c4ce58bb20",
	"CONS_Drink_DemiJohn_B" : "e80cb0a1-6b18-4178-97d3-4c9f2f478a91",
	"CONS_Drink_DemiJohn_B_Stand_A" : "fcb7b427-9b55-45cf-ac72-15ecd8cf202d",
	"CONS_Drink_DemiJohn_B_Stand_B" : "6aa066bd-e04a-4673-8f6f-7c230b878ce6",
	"CONS_Drink_DemiJohn_C" : "5768e3a1-8370-40c8-a333-bdf5fbd83896",
	"CONS_Drink_DemiJohn_C_Stand_A" : "1f182ae8-24cf-4586-b4ab-95a2a9c4ae2b",
	"CONS_Drink_DemiJohn_C_Stand_B" : "93f0c0fc-20b2-4f6d-aa2d-8a4252b25b75",
	"CONS_Drink_DemiJohn_Stand_A" : "06610410-2d73-49f7-8845-852d24db60c1",
	"CONS_Drink_DemiJohn_Stand_B" : "e158ec58-6a21-45e0-b4fd-f80744901ace",
	"CONS_Drink_Potion_A" : "27df1535-9f58-4e24-b51b-ceef2cd1d8d8",
	"CONS_Drink_Potion_B" : "aa15aa80-19b6-4226-a19b-4635a1ee3759",
	"CONS_Drink_Potion_C" : "cc7f9ba9-b284-4177-a044-649f84e64aff",
	"CONS_Drink_Potion_D" : "35e40ea9-a89a-43fb-80ca-e427c17d6f06",
	"CONS_Drink_Wine_Bottle_A" : "56813fb8-5862-4de7-9a11-5cc5b4160753",
	"CONS_Drink_Wine_Glass_A" : "51a26c5a-ad6d-49de-b902-76b2faa70ee8",
	"CONS_FOOD_Fish_Rotten_A" : "0f34372c-520a-475d-a3c0-7c385fd549b7",
	"CONS_FOOD_Fish_Rotten_B" : "03a94ad3-a856-44a0-a897-8912078a9115",
	"CONS_FOOD_Fish_Rotten_C" : "53664ef4-bfda-4775-a8da-780ae07343e4",
	"CONS_FOOD_Fish_Rotten_D" : "be9b2f84-2439-453e-a0e2-1c2a15943500",
	"CONS_FOOD_Fruit_Banana_A_Rotten" : "89875ae3-2ce8-4a6b-88fe-da2426f1b6ed",
	"CONS_FOOD_Fruit_Lemon_A_Rotten" : "dc980269-d8bd-4a25-b521-d3ac7bb4812f",
	"CONS_FOOD_Mushroom_Bluecap" : "87e53fac-efc7-4d4a-b28d-675afa7bd564",
	"CONS_FOOD_Vegetable_Carrot_A_Rotten" : "89439def-e8bc-43c3-bec1-331492d01d74",
	"CONS_FOOD_Vegetable_Tomato_A_Rotten" : "32a3bb2c-ce98-41ec-9476-06867d354ca3",
	"CONS_Fungi_Mushroom_Agaric_A_Rotten" : "42a68ee1-6d71-455e-99b2-278a53be5504",
	"CONS_Fungi_Mushroom_Agaric_B_Rotten" : "466d35b7-3c1a-4bd7-be91-262dd297b320",
	"CONS_GEN_Alcohol_Bottle_Cheap_D" : "b6e4ab1f-6a0e-47fa-bc02-30a0b142bca6",
	"CONS_GEN_Drink_Cup_Metal_A_Empty" : "66ee4e64-a517-4570-8c37-dd7b42cab6ee",
	"CONS_GEN_Drink_Cup_Metal_A_Flipped" : "5bf2bda3-613d-467a-9901-b468bb326856",
	"CONS_GEN_Drink_Cup_Metal_A_Oil" : "cbbfb594-d3ba-4519-8c15-5c35df5892e0",
	"CONS_GEN_Drink_Mug_Metal_A_Beer" : "9ab9c085-4d24-4b78-85ac-e16b19107ba7",
	"CONS_GEN_Drink_Mug_Metal_A_Empty" : "9ab9c085-4d24-4b78-85ac-e16b19107ba7",
	"CONS_GEN_Food_Cheese_Blue_Piece_A_Rotten" : "6fc0f6fd-a5b5-40d2-8f76-b864b7f71093",
	"CONS_GEN_Food_Cheese_Blue_Piece_B_Rotten" : "d3d36702-9293-4605-a0ce-7e3b1b38394d",
	"CONS_GEN_Food_Cheese_Blue_Wheel_A_Rotten" : "d90396df-b799-44f3-bbf0-13c5c90c3260",
	"CONS_GEN_Food_Cheese_Cheddar_Piece_A_Rotten" : "63cc183f-e726-48d6-a91d-da26dacb6ee0",
	"CONS_GEN_Food_Cheese_Cheddar_Piece_B_Rotten" : "46ca277b-6488-48aa-8f16-2c9fdca4e236",
	"CONS_GEN_Food_Cheese_Cheddar_Wheel_A_Rotten" : "89d194fd-3f0c-487b-8b60-e5ab1a2bd522",
	"CONS_GEN_Food_Cheese_Goat_Piece_A_Rotten" : "f964cf56-066d-460d-a6a7-2b9acb78be7f",
	"CONS_GEN_Food_Cheese_Goat_Piece_B_Rotten" : "9b4b0903-b324-43c6-9d92-6107f78f6ebc",
	"CONS_GEN_Food_Cheese_Goat_Wheel_A_Rotten" : "8a85cc9b-f865-4582-bb39-1272378f552f",
	"CONS_GEN_Food_Eggs_A_Rotten" : "be312dcb-8ff5-4f6e-bcad-516c6fb7c249",
	"CONS_GEN_Food_Plate_A" : "2d722150-9d33-48c0-9cc2-1dd25c10b533",
	"CONS_GEN_Food_Plate_B" : "ecaaeaf4-8a3d-4a9e-8628-786fb272245f",
	"CONS_GEN_Rotten_Food" : "5ab9094a-90ce-4981-afc7-5618093094b2",
	"CONS_Oil_Aloe" : "ce68be09-f359-45de-9fb6-adbfce59935a",
	"CONS_Potion_ArmsOfHadar_A_DONOTUSE" : "7a32c0ba-42df-4bd3-b572-e218ada381dc",
	"CONS_Potion_Barkskin_A" : "ea964c3d-7606-48b3-95aa-6efef87ed28c",
	"CONS_Potion_Enlarge_A_DONOTUSE" : "cb71cc5a-614c-43ee-aa50-defc44c3ffc7",
	"CONS_Potion_Misty_Step_A" : "eb0a6ee0-ce09-46af-a9d4-305c3109fc87",
	"CONS_Potion_Tribal_A_Greater_DONOTUSE" : "7f9237d3-53d9-47cd-9674-e67fe2acac32",
	"CONS_Potion_Tribal_A_Superior_DONOTUSE" : "34e265a2-933a-4dd4-b4fa-fa9c7bcccf0f",
	"CONT_GEN_Printshop_Paper_Stack_A" : "ff7f89f0-3efe-4a45-8542-46593450d4f1",
	"CONT_Underdark_Gnomes_Basket_E" : "4de078ef-0727-4357-828d-6c81293e1429",
	"CONT_Underdark_Gnomes_Basket_F" : "a3209932-42d4-4a3d-88f2-422602038c42",
	"CONT_Underdark_Gnomes_Basket_G" : "1edd1e81-eeaa-48af-a723-f735bd6f1e0b",
	"CRA_Corpse_Commoner_Locket" : "88417607-71f0-4bdc-9c7b-ca5a18ba6b59",
	"Cine_LOOT_COINS_Gold_Pile_Single_A" : "65bd4f90-626c-469f-9398-072ff674be29",
	"DEC_Circus_Skeleton_Skull_Painted_A_dynamic" : "4f46bf76-7fc7-4e33-9e4b-26a8efabb77f",
	"DEC_Circus_Skeleton_Skull_Painted_B_dynamic" : "2111927e-cf30-472a-874f-1a4d9a630a54",
	"DEC_Circus_Skeleton_Skull_Painted_C_dynamic" : "3b959e30-1eec-409c-a541-97f00c977ddf",
	"DEC_Circus_Statue_Bust_Female_Painted_A" : "87fec94b-54c6-467a-8261-0016e2ab2d8b",
	"DEC_Dungeon_Skeleton_Ribcage_A" : "96811bc2-4d92-4887-b06a-42a464fef0e8",
	"DEC_FARM_Bucket_A" : "3ed7a9eb-bedd-4bf0-8523-9e6873024370",
	"DEC_GEN_BoilingCauldron_Gruel_A_Boiling_A" : "5589d5c8-28b2-446b-9cb7-259ebe77d901",
	"DEC_GEN_Clock_Rich_A" : "d1b21f13-3e7b-4f9e-b929-a8a3f17ff966",
	"DEC_GEN_Corpse_Body_Part_Arm_A" : "41b78683-6081-4aa9-bba1-d8548e753a80",
	"DEC_GEN_Corpse_Body_Part_Arm_A_Githyanki" : "500ef4d3-714d-44fe-be2a-c1aeaac30695",
	"DEC_GEN_Corpse_Body_Part_Arm_A_Tiefling" : "ca99f645-74b2-41ac-aad2-6bc179e66f49",
	"DEC_GEN_Corpse_Body_Part_Arm_B" : "c6d7691f-d53c-4f99-b98d-06dd2f8ca6ff",
	"DEC_GEN_Corpse_Body_Part_Arm_B_Githyanki" : "259728c9-471d-41f0-830b-be27dbd14d8e",
	"DEC_GEN_Corpse_Body_Part_Arm_B_Tiefling" : "d4bdc194-23f6-40dc-95e5-63f165a571de",
	"DEC_GEN_Corpse_Body_Part_DecapitedHead_A" : "06fb21d6-d53d-4f97-9d1f-3598191618bc",
	"DEC_GEN_Corpse_Body_Part_DecapitedHead_B" : "fc6a7f8a-f673-4126-9441-4aae62ae48ba",
	"DEC_GEN_Corpse_Body_Part_DecapitedHead_C" : "72f8dff6-076c-4ff4-b53b-75cde0fde28e",
	"DEC_GEN_Corpse_Body_Part_Foot_A" : "7cee01af-9532-4792-9f17-944a0fc3632c",
	"DEC_GEN_Corpse_Body_Part_Foot_A_Githyanki" : "52a4ece7-939e-40b4-9ea8-62930274578c",
	"DEC_GEN_Corpse_Body_Part_Foot_A_Tiefling" : "da679cf8-49f4-42b0-a755-848812bed9ec",
	"DEC_GEN_Corpse_Body_Part_Guts_A" : "717edab5-038b-49f3-b1d3-ca61cf342e05",
	"DEC_GEN_Corpse_Body_Part_HeadFemale_A" : "80469bc6-d30e-4f96-b483-58245ef92b6f",
	"DEC_GEN_Corpse_Body_Part_HeadFemale_A_Githyanki" : "73a92602-a779-47c3-9c92-408d2225daf6",
	"DEC_GEN_Corpse_Body_Part_HeadFemale_A_Tiefling" : "afe2be1f-d8c6-4615-8cef-c7106086daf0",
	"DEC_GEN_Corpse_Body_Part_HeadMale_A" : "d691066b-8592-49a4-8e94-a32b6433997c",
	"DEC_GEN_Corpse_Body_Part_HeadMale_A_Githyanki" : "03d94b9b-3926-4570-a95f-cfb2da22678d",
	"DEC_GEN_Corpse_Body_Part_HeadMale_A_Tiefling" : "5f18ac06-e4df-488b-97c7-162bdb522555",
	"DEC_GEN_Corpse_Body_Part_Leg_A" : "4ef78eb0-62b4-4aef-8f6c-f5351f07cf1d",
	"DEC_GEN_Corpse_Body_Part_Leg_A_Githyanki" : "8b8dcdd9-4bd2-48fd-b8b4-04410f4ed6b8",
	"DEC_GEN_Corpse_Body_Part_Leg_A_Tiefling" : "ec3bd1d6-4158-4696-be41-bef513f0c03a",
	"DEC_GEN_Corpse_Body_Part_Leg_B" : "e8519b84-d7be-4cf1-92a0-b0b86e19c911",
	"DEC_GEN_Corpse_Body_Part_Leg_B_Githyanki" : "753b5307-f1a2-4248-bf21-912e17a6e362",
	"DEC_GEN_Corpse_Body_Part_Leg_B_Tiefling" : "b398d230-2729-4b01-b616-f43fec8452f9",
	"DEC_GEN_Corpse_Body_Part_Torso_A" : "5ca0e876-d52d-40ab-899c-365d88ec0cec",
	"DEC_GEN_Corpse_Body_Part_Torso_A_Githyanki" : "a1ba9455-e438-408b-a1c4-e2131f8c7d11",
	"DEC_GEN_Corpse_Body_Part_Torso_A_Tiefling" : "bf517cea-673d-49e6-aa97-d9a1d1b11f95",
	"DEC_GEN_Corpse_Body_Part_Two_Legs_A" : "df23f574-4aca-4670-b63d-3ca054180263",
	"DEC_GEN_Corpse_Body_Part_Two_Legs_A_Githyanki" : "b069840b-7b67-4d5f-906a-0c0f7eb5d120",
	"DEC_GEN_Corpse_Body_Part_Two_Legs_A_Tiefling" : "ac5a0746-991c-41b1-a66e-4fe1307ed659",
	"DEC_GEN_Corpse_Body_Part_Waist_A" : "8767b772-adc2-486e-863b-14c22e4f2120",
	"DEC_GEN_Crate_Wood_Open_A" : "3815452b-af92-4a4b-a77d-15eb3b5a7263",
	"DEC_GEN_DjinnLamp_A" : "099ef425-5894-46a7-aa85-729c385dfcb8",
	"DEC_GEN_DjinnLamp_A_Activated" : "9fc2c59a-e53d-44dc-9270-63a0bf5418bf",
	"DEC_GEN_DjinnLamp_B" : "066023fe-832e-4619-84cd-fad31edc386b",
	"DEC_GEN_Dressing_Panel_Wood_A" : "847fd03a-4e1d-4477-98db-5186d83157fa",
	"DEC_GEN_Dressing_Panel_Wood_Poor_A" : "8e569536-4768-4301-a184-759d94a143bd",
	"DEC_GEN_Dressing_Panel_Wood_Rich_A" : "a7059fa2-5160-4028-8fb2-56e4f539e29d",
	"DEC_GEN_Gore_Pile_A" : "5103f80b-8593-430d-815f-afaed4e674ff",
	"DEC_GEN_Gore_Pile_A_DarkUrgeButler" : "af5c6cb4-7536-4824-9fae-41bf76459ecc",
	"DEC_GEN_Hanging_Furnace_Pot_A" : "3c7ef525-5210-4ec0-bd71-a0f853b284fc",
	"DEC_GEN_Incense_Bowl_A" : "b93f1064-ccd6-4d5a-8c6f-b38d300a97dd",
	"DEC_GEN_Incense_Bowl_B" : "cc3232af-0131-4800-9caa-3bdba94628a0",
	"DEC_GEN_Incense_Bundle_A" : "1bc6f492-e3d0-49a3-b50c-31595947cbc9",
	"DEC_GEN_Incense_Stick_A" : "40a7ab74-0da4-4aad-8d17-9d4c683caecd",
	"DEC_GEN_Incense_Stick_B" : "dd990ff9-fb98-4314-b776-a14f30409d44",
	"DEC_GEN_Incense_Stick_C" : "2d8a39ed-77f4-4127-ad95-6ea16665d29a",
	"DEC_GEN_Incense_Stick_D" : "d295e721-f6a3-404a-bd16-d9906f1f22d3",
	"DEC_GEN_Incense_Stick_E" : "5b8ba484-3103-4f40-b4c4-2bda52281806",
	"DEC_GEN_Ink_Pot_Closed_A" : "98f13cd0-0069-466f-bb6e-5b8964b46e66",
	"DEC_GEN_Ink_Pot_Open_A" : "16610661-e160-4030-b06f-dc12c4284ba0",
	"DEC_GEN_Ink_Pot_QuillAndPot_A" : "ec151944-d911-477b-a620-f26defb3b727",
	"DEC_GEN_Ink_Pot_Quill_A" : "4e0647d7-baec-46c2-bca2-86596ecbf1ed",
	"DEC_GEN_Junk_A_FishSkeleton_A" : "53664ef4-bfda-4775-a8da-780ae07343e4",
	"DEC_GEN_KitchenInstrument_Bowl_A_Wood_A" : "18303ee3-884d-41ed-8bf9-3a1742f27a75",
	"DEC_GEN_KitchenInstrument_Cup_A_Porcelain_A" : "ab081706-d6a4-4d6f-a148-8a774be32608",
	"DEC_GEN_KitchenInstrument_Cup_B_Porcelain_A" : "6aea565d-0132-4ea2-8bdf-53398a50b975",
	"DEC_GEN_KitchenInstrument_Cup_C_Metal_A" : "2add6f00-eb1c-4f86-bf7f-73e2c68ad5de",
	"DEC_GEN_KitchenInstrument_Cup_C_Wood_A" : "2add6f00-eb1c-4f86-bf7f-73e2c68ad5de",
	"DEC_GEN_KitchenInstrument_Cup_D_Metal_A" : "bf8738af-7637-45f3-ad2d-123d17def4f7",
	"DEC_GEN_KitchenInstrument_Cup_E_Metal_A" : "31d47753-7713-461f-a65b-da4339939cf2",
	"DEC_GEN_KitchenInstrument_Horn_A_Bone_A" : "b96500d2-3cef-4293-a02b-57ffc41d3a39",
	"DEC_GEN_KitchenInstrument_Ladle_A_Copper_A" : "07f03f85-7eba-4f4e-ab8f-e51979a45ce7",
	"DEC_GEN_KitchenInstrument_MeatFork_A_Metal_A" : "4b7c07ef-1f95-478d-859f-32f1ad98687b",
	"DEC_GEN_KitchenInstrument_Mortar_A_Stone_A" : "95ed990a-f363-4eb1-908d-d48c353a3d62",
	"DEC_GEN_KitchenInstrument_Plate_A_Metal_A" : "ccb0c26b-8502-450a-96ff-cfa22bba8150",
	"DEC_GEN_KitchenInstrument_Plate_B_Porcelain_A" : "c89c5461-12c6-441e-8643-7501fc61f8cf",
	"DEC_GEN_KitchenInstrument_Scale_A_Copper_A" : "768f2674-c274-4bd4-927a-66d060f154ec",
	"DEC_GEN_KitchenInstrument_Shears_A_Metal_A" : "95830031-4150-4a57-ade7-f80bcd9b45e2",
	"DEC_GEN_KitchenInstrument_Spatula_A_Copper_A" : "b92c1b71-ecc3-45cc-b22d-f7a1ebc9e781",
	"DEC_GEN_KitchenInstrument_Spoon_A_Wood_A" : "d9b9ce80-5ed0-44f1-8494-6f835f9b2859",
	"DEC_GEN_KitchenInstrument_Spoon_B_Wood_A" : "5f4cee38-81af-4879-bd8b-8ea75be5ba0b",
	"DEC_GEN_KitchenInstrument_Strainer_A_Copper_A" : "7af5ac38-ae9a-4181-a451-8fd5d4248de1",
	"DEC_GEN_KitchenInstrument_Trivet_A_Cork_A" : "750adfc9-e573-4bd4-b4b3-c6bef1aad1b6",
	"DEC_GEN_Kitchen_Bucket_A" : "c57a5a9a-ec9c-4e03-a2ab-6a001fde925c",
	"DEC_GEN_Kitchen_Cutlery_Glass_Poor_A" : "5d1731b3-1fd3-48db-bf48-eb5e57b4c1c9",
	"DEC_GEN_Kitchen_Cutlery_Plate_Poor_A" : "77b5f8b1-e870-472d-84f9-429c8e1a4f34",
	"DEC_GEN_Kitchen_CuttingBoard_A" : "ee3cfe20-977a-48d4-88cc-ac9501580cd6",
	"DEC_GEN_Kitchen_Pan_A" : "50d62849-db3d-43e3-ad39-601922cf7aec",
	"DEC_GEN_Kitchen_Pan_B" : "2804f278-9e4b-49c8-8fc3-3ebc64cf78a5",
	"DEC_GEN_Kitchen_Plate_A" : "67b2a8d8-5ebf-44c4-b690-42d0668ddc78",
	"DEC_GEN_Kitchen_Pot_A" : "3f2fc28f-a00e-460a-a5ed-23887173c9b6",
	"DEC_GEN_Kitchen_Pot_B" : "d40952f0-3e83-4161-8af8-646d11cd6f27",
	"DEC_GEN_Kitchen_Pot_C" : "f3a92079-ffe4-4c27-8ea8-d9fdbf5631fa",
	"DEC_GEN_Kitchen_Pot_Cauldron_A" : "676138d7-60ba-432b-8483-9665d1920007",
	"DEC_GEN_Kitchen_Pot_Cauldron_B" : "de2bb388-5863-4504-95aa-dd694f11f1a6",
	"DEC_GEN_Kitchen_Pot_Cauldron_C" : "2f9eb358-4cf3-49b0-97ab-2d6cabb9a2a5",
	"DEC_GEN_Kitchen_Pot_Cauldron_Covered_A" : "25f6866e-eaad-45a4-8b12-ff90ef1f8bd1",
	"DEC_GEN_Kitchen_Pot_Cauldron_Covered_B" : "b12303eb-6356-4f6f-98ea-3f11c5f5b3ce",
	"DEC_GEN_Kitchen_Pot_Cauldron_Covered_C" : "38caaf07-7dbc-4505-841b-15e53f80ca75",
	"DEC_GEN_Kitchen_Pot_Cauldron_Lid_A" : "d8356714-c76c-4fb3-a556-da69b6ed43bd",
	"DEC_GEN_Kitchen_Pot_Cauldron_Lid_B" : "08cd45a5-9a73-41ad-90a1-d24447b09a93",
	"DEC_GEN_Kitchen_Pot_Cauldron_Lid_C" : "eb31fae0-262e-4c27-9c39-93604cdac7cb",
	"DEC_GEN_Kitchen_Pot_Covered_A" : "63aa1a80-4025-49e4-a9e2-ae52f7cfc2e4",
	"DEC_GEN_Kitchen_Pot_Covered_B" : "52197e68-26d6-4619-94dd-b23c31560913",
	"DEC_GEN_Kitchen_Pot_Covered_C" : "27f5723b-b495-4d58-8426-cb9e5d409ae1",
	"DEC_GEN_Kitchen_Pot_Drum_A" : "278ec62a-d6c4-4870-8921-a482661fa18f",
	"DEC_GEN_Kitchen_Pot_Drum_Covered_A" : "cfa3fe45-b54d-4c52-aa5d-d79bc80b398e",
	"DEC_GEN_Kitchen_Pot_Drum_Lid_A" : "0343045a-9efc-4405-a0f9-b37b936f4b65",
	"DEC_GEN_Kitchen_Pot_Lid_A" : "19ac9e34-6b6e-4433-9c6f-26cc2c12e7c9",
	"DEC_GEN_Kitchen_Pot_MilkCan_A" : "b4f2f931-695d-46ae-96c0-8064232d0d4a",
	"DEC_GEN_Kitchen_Pot_MilkCan_B" : "9ac14527-37f5-4c4d-b3de-2c06b2e4b793",
	"DEC_GEN_Kitchen_Pot_MilkCan_Covered_A" : "3258852b-21eb-4242-80f5-ae9a6792ee4b",
	"DEC_GEN_Kitchen_Pot_MilkCan_Covered_B" : "b278764c-d7ab-4ccf-a75e-e235a6a56d87",
	"DEC_GEN_Kitchen_Pot_MilkCan_Lid_A" : "a8315769-3046-4711-b94f-4ca661f72924",
	"DEC_GEN_Kitchen_Pot_MilkCan_Lid_B" : "c96e0281-d3d5-48be-84f6-313fe9c91f9a",
	"DEC_GEN_Owlbear_Plush_Toy_A" : "80547e94-824e-454b-a793-f19458927787",
	"DEC_GEN_Towel_A" : "8eee000b-11ff-4c78-8640-9ff6b36e1790",
	"DEC_GEN_Towel_B" : "6eada639-321a-4a82-810e-07d4abcd7937",
	"DEC_GEN_Towel_Blood_Holding_A" : "ae9a0cd6-5661-4296-b19f-6511951acf74",
	"DEC_GEN_Towel_Bloody_A" : "7eb51a9d-781b-414a-984e-1d0345a55fff",
	"DEC_GEN_Towel_Bloody_B" : "9ffb693b-8dda-4b4e-a846-834aa291b6eb",
	"DEC_GEN_Towel_Bloody_C" : "814c64a2-0185-429c-8230-7a8fc738331f",
	"DEC_GEN_Towel_C" : "b034db51-60fe-4859-a7db-1dccbb8f1c50",
	"DEC_GEN_Towels_Pile_A" : "0933bf8c-b8f2-4e29-8151-a081a189bbd0",
	"DEC_GEN_Towels_Pile_B" : "c88b9da1-1184-4fdb-acdf-752fcc409250",
	"DEC_GEN_Towels_Pile_Bloody_A" : "13f7c3b4-b955-478b-8268-71748cdd04c8",
	"DEC_GEN_Towels_Pile_Bloody_B" : "efd2a6af-f1f8-46e2-a6af-a2065ba6279d",
	"DEC_GEN_Towels_Stacked_A" : "5d6162a4-f592-ae73-67cc-8b392e09ebe0",
	"DEC_GEN_Towels_Stacked_A_converted" : "5d6162a4-f592-ae73-67cc-8b392e09ebe0",
	"DEC_GEN_Towels_Stacked_B" : "a03db668-41ff-cde3-8d36-d30514b1b8d3",
	"DEC_GEN_Towels_Stacked_B_converted" : "a03db668-41ff-cde3-8d36-d30514b1b8d3",
	"DEC_GEN_Towels_Stacked_Bloody_A" : "ba9d41b2-343c-4aa9-a4e0-695e28be2566",
	"DEC_GEN_Towels_Stacked_Bloody_B" : "5906d84d-a474-4931-a476-6bb817b4099c",
	"DEC_GEN_Towels_Stacked_Bloody_C" : "47cea90e-3f42-41b6-a29c-bd1585735d55",
	"DEC_GEN_Towels_Stacked_Bloody_D" : "e2ddec9f-4927-4240-8d30-0f90dd442a33",
	"DEC_GEN_Towels_Stacked_Bloody_E" : "b20ca4e2-e8db-4bef-a0ce-ab78f3e084b0",
	"DEC_GEN_Towels_Stacked_Bloody_F" : "22f0790f-da50-4108-ab34-81d1ea8bbbec",
	"DEC_GEN_Towels_Stacked_C" : "66719d7c-7731-a7ac-bad3-a80f4416ca4f",
	"DEC_GEN_Towels_Stacked_C_converted" : "66719d7c-7731-a7ac-bad3-a80f4416ca4f",
	"DEC_GEN_Towels_Stacked_D" : "56f327e4-b8c8-6fea-80da-0c1bd65ec18c",
	"DEC_GEN_Towels_Stacked_D_converted" : "56f327e4-b8c8-6fea-80da-0c1bd65ec18c",
	"DEC_GEN_Towels_Stacked_E" : "97d13e04-5298-0dd5-d1fe-2f263a670112",
	"DEC_GEN_Towels_Stacked_E_converted" : "97d13e04-5298-0dd5-d1fe-2f263a670112",
	"DEC_GEN_Towels_Stacked_F" : "5489c368-f979-3c21-370f-3dbff4b85056",
	"DEC_GEN_Towels_Stacked_F_converted" : "5489c368-f979-3c21-370f-3dbff4b85056",
	"DEC_Goblins_Camp_CookingPot_Laddle" : "6c43dbd3-ce2a-4570-a8dd-78f551e0e958",
	"DEC_Goblins_Camp_CookingPot_Ladle" : "6c43dbd3-ce2a-4570-a8dd-78f551e0e958",
	"DEC_Goblins_Camp_DrumStick_A" : "24771e50-9d69-4fdc-b53e-83e548559c30",
	"DEC_HAG_Tea_Pot_A" : "000579f2-5935-4128-8a0b-28fca0434dc9",
	"DEC_HAG_Totem_Props_Bottle_A" : "b30c8fc1-f008-44d1-96bd-d79c5a66920c",
	"DEC_HAG_Totem_Props_Bowl_A" : "921d1b88-2de9-4add-bf6e-4f28c704c9b5",
	"DEC_HAG_Totem_Props_Glass_A" : "eb0ea240-698a-42ef-80a9-05dd5d32689a",
	"DEC_HAR_Bucket_Empty_A" : "158682d3-4b6a-4952-aa88-af74a256f880",
	"DEC_HAR_Bucket_Water_A" : "15fc401f-0b1d-4f35-a43c-635bb0e50358",
	"DEC_HAR_FishingRod_A" : "36dcf965-68c7-44a2-84ef-30df8323dc6e",
	"DEC_HAR_FishingRod_B" : "4edc7fa9-2365-45b1-baa2-7095e4431874",
	"DEC_HAR_FishingRod_C" : "7bf70e16-b4a8-47cb-a076-f777b1ebdbd2",
	"DEC_HAR_Pier_Rope_A" : "df2f61bb-be7c-48d0-a9fd-1bfe8d5be73a",
	"DEC_Harbour_Shell_Conch_B" : "fd0497e6-4f0a-40cb-87b4-0a58a53bbfdc",
	"DEC_Harbour_Shell_Conch_C" : "7276e6f8-0928-4352-b186-162c03097a21",
	"DEC_Harbour_Shell_Starfish_A" : "3cc28d1f-4279-45df-946c-0b09d934a7c1",
	"DEC_Harbour_Shell_Venus_A" : "1ce2aa0b-30b0-4f60-827a-56a1448e2969",
	"DEC_Hospital_Bloodbank_Transfusion_Bottle_A_Empty_A" : "887b6f85-82f6-417a-89f2-25d929196c6d",
	"DEC_Hospital_Bloodbank_Transfusion_Bottle_B" : "beb3f8a3-bb27-4054-99a2-500126fc7e5d",
	"DEC_Hospital_Bloodbank_Transfusion_Bottle_B_Empty_A" : "3a8f9224-4dae-474c-b01b-6914c8a89f67",
	"DEC_Laboratory_Flask_Glass_Installation_A" : "bd52ce78-4d73-4543-ad87-b0311fe76e8a",
	"DEC_Laboratory_Flask_Glass_Installation_A_GlowA" : "ee61b93a-d959-4a1d-b6a5-d5c338baace2",
	"DEC_Laboratory_Flask_Glass_Installation_B" : "46e791c8-f068-48d6-8054-34e6e9be18b7",
	"DEC_Laboratory_Flask_Glass_Installation_B_Empty_A" : "25344450-3a06-4450-9df3-132336578019",
	"DEC_Laboratory_Flask_Glass_Installation_B_GlowA" : "e6083606-1f88-458a-8e29-c7be7a952e6a",
	"DEC_Laboratory_Flask_Glass_Installation_C" : "4e254d8f-f45a-4baa-8ab3-a2cd76d5111a",
	"DEC_Laboratory_Flask_Glass_Installation_C_Empty_A" : "f4117a4e-3ece-4816-8f6f-1cf3fc11a2ee",
	"DEC_Laboratory_Flask_Glass_Installation_C_GlowA" : "f32ca03c-7cfc-4b07-8fc4-19727a7c4faf",
	"DEC_Laboratory_Flask_Glass_Installation_D" : "4b4a5f4a-4be0-4801-9d69-652a5274c502",
	"DEC_Laboratory_Flask_Glass_Installation_D_Empty_A" : "9486a285-3e41-4918-b7a3-be5f099d00ad",
	"DEC_Laboratory_Flask_Glass_Installation_D_GlowA" : "d8566bab-f115-413e-9066-3aded9187d9a",
	"DEC_Laboratory_Flask_Glass_Installation_D_Glow_Green_A" : "3105ed91-3288-4140-9baa-3848c671d6d8",
	"DEC_Laboratory_Flask_Glass_Installation_E" : "b4b7fdd0-8419-4d9e-b6ce-c97da832e3c4",
	"DEC_Laboratory_Flask_Glass_Installation_E_Empty_A" : "6aa75479-f26f-48ab-bc05-9c117532dccb",
	"DEC_Laboratory_Flask_Glass_Installation_E_GlowA" : "0b48f520-8027-4329-8ef0-c18cc210bc84",
	"DEC_Masonry_Stonesaw_C" : "146a566f-111b-4f52-a0ab-ede61346cadb",
	"DEC_Underdark_Gnomes_Basket_E" : "4de078ef-0727-4357-828d-6c81293e1429",
	"DEC_Underdark_Gnomes_Basket_F" : "a3209932-42d4-4a3d-88f2-422602038c42",
	"DEC_Underdark_Gnomes_Basket_G" : "1edd1e81-eeaa-48af-a723-f735bd6f1e0b",
	"DELETEME" : "1a120692-8fb8-4f54-8f0a-b7f13962b1c9",
	"DLC_DD_Painting_Portrait_Beast" : "1469200a-4419-4c9a-916f-6362378234bb",
	"DLC_DD_Painting_Portrait_Fane" : "2d8a25af-7140-473a-9d14-35858c29e23a",
	"DLC_DD_Painting_Portrait_Ifan" : "8b3e6af4-58be-4851-864f-e78df7f661a5",
	"DLC_DD_Painting_Portrait_Lohse" : "06af536d-8faf-49e5-99f9-606be7d6993c",
	"DLC_DD_Painting_Portrait_Red_Prince" : "56a21dc9-247e-4f97-a436-0647aa20c084",
	"DLC_DD_Painting_Portrait_Sebille" : "645b185b-e069-40ee-8a26-5daf2fdc935c",
	"FOR_MasterworkBed" : "06e3372a-03f8-440b-a56d-e8abbc1caee5",
	"FUR_GEN_Kitchen_Cup_Glass_A" : "ba3d12de-3dbe-4417-8009-d4b0fe3e7f7f",
	"FUR_GEN_Kitchen_Cup_Glass_B" : "17e92565-b2aa-4e53-b3ff-a4691a0fa69f",
	"FUR_GEN_Painting_A" : "3826d249-55fb-4e3d-9c6f-b2383bc2c330",
	"FUR_GEN_Painting_A_PlainCanvas" : "e028bac5-f393-4d6a-9873-670241d721ac",
	"FUR_GEN_Painting_Gortash_A" : "0094760a-2728-410a-94cd-3ed4180a8a46",
	"FUR_GEN_Painting_Jannath_A" : "4b7db979-3081-407d-ac55-c1af87862e7e",
	"FUR_GEN_Painting_Jannath_Canvas_A" : "9b0be641-79a5-4db8-b9f7-ab1b9376cd07",
	"FUR_GEN_Painting_Jannath_Frame_A" : "9970504c-5f4b-4264-aad2-faa46eb7e32a",
	"FUR_GEN_Painting_Landscape_A" : "5d925f9b-f87e-4733-9410-01b27544b021",
	"FUR_GEN_Painting_Landscape_B" : "95d01198-8b6d-41c0-bfab-ca02663263f3",
	"FUR_GEN_Painting_Landscape_C" : "9c1bf73c-a5ac-4b57-83fe-01c24cd39945",
	"FUR_GEN_Painting_Landscape_D" : "102e1da1-a0e0-445b-9bc7-b5efaecc06f4",
	"FUR_GEN_Painting_Landscape_E" : "ec019ea0-e8bb-49e4-95b3-7a7324596188",
	"FUR_GEN_Painting_Landscape_F" : "6170715b-1654-46bc-9ac6-93dca8550e1f",
	"FUR_GEN_Painting_Landscape_G" : "ce2f870e-e735-4355-ae87-acf5971d2fef",
	"FUR_GEN_Painting_Landscape_H" : "c14556e6-db25-4d4f-b0ed-2b1041d03148",
	"FUR_GEN_Painting_Landscape_I" : "c845b437-0ca4-4471-90c9-18bb53842aff",
	"FUR_GEN_Painting_Landscape_J" : "a59ad0fa-c4b8-40a9-b4f0-91b2b662071f",
	"FUR_GEN_Painting_Landscape_K" : "41661b63-1ae9-4b27-a0c6-f92c6060e821",
	"FUR_GEN_Painting_Landscape_L" : "e80badd2-6723-49eb-8e2c-850055f04bcf",
	"FUR_GEN_Painting_Portrait_A" : "ffb6d084-0900-4f58-ae39-f0360f7488d1",
	"FUR_GEN_Painting_Portrait_Bane_A" : "c9f7da1d-8d63-4636-be12-9272a2287efd",
	"FUR_GEN_Painting_Portrait_C" : "82ad7f96-b84c-4ab0-98bb-b534c69726ba",
	"FUR_GEN_Painting_Portrait_G" : "e5fc77b2-f615-4ed1-9618-f7f9518824b7",
	"FUR_GEN_Painting_Portrait_H" : "7f7f86c0-41ca-4938-b4da-2719a3f69102",
	"FUR_GEN_Painting_Portrait_I" : "d6d704d2-0a1f-48f9-bd27-43c99919a725",
	"FUR_GEN_Painting_Portrait_O" : "6d6999f4-9bea-48d4-ac39-1d17369193e9",
	"FUR_GEN_Painting_Portrait_Oval_A" : "a90dbddd-c839-40ad-a873-309b22d73da2",
	"FUR_GEN_Painting_Portrait_Oval_B" : "23a80328-c876-4110-afef-a3eb47193b83",
	"FUR_GEN_Painting_Portrait_Oval_C" : "5861174c-82ab-4788-934e-11ef84889332",
	"FUR_GEN_Painting_Portrait_Oval_D" : "289d8c97-81d7-448f-aa1c-faab337db593",
	"FUR_GEN_Painting_Portrait_Raphael_A" : "682d39e5-67ae-46b6-aecd-5b724530e331",
	"FUR_GEN_Painting_Portrait_Raphael_B" : "836aab33-78db-4b1f-be9d-c6f16a8acc34",
	"FUR_GEN_Painting_Portrait_Raphael_C" : "b9a4e46f-42ec-4d5a-a648-17c2f234a218",
	"FUR_GEN_Painting_Portrait_Raphael_D" : "3fe385f7-b247-45cd-9364-2c5a7af874a1",
	"FUR_GEN_Painting_Portrait_Rectangle_A" : "82ad7f96-b84c-4ab0-98bb-b534c69726ba",
	"FUR_GEN_Painting_Portrait_Rectangle_B" : "a5407fee-be16-450e-a24a-59bfadbdc2cc",
	"FUR_GEN_Painting_Portrait_Rectangle_C" : "cc764899-2397-47e7-8b5e-275f6a6cd752",
	"FUR_GEN_Painting_Portrait_Rectangle_D" : "736cd290-cec0-4fa7-99d6-f6c9e2e851ec",
	"FUR_GEN_Painting_Portrait_Rectangle_E" : "e5fc77b2-f615-4ed1-9618-f7f9518824b7",
	"FUR_GEN_Painting_Portrait_Rectangle_F" : "7f7f86c0-41ca-4938-b4da-2719a3f69102",
	"FUR_GEN_Painting_Portrait_Rectangle_G" : "d6d704d2-0a1f-48f9-bd27-43c99919a725",
	"FUR_GEN_Painting_Portrait_Rectangle_H" : "8603569a-417e-4dc2-978d-6e9cc48f4bb7",
	"FUR_GEN_Painting_Portrait_Rectangle_I" : "6d6999f4-9bea-48d4-ac39-1d17369193e9",
	"FUR_GEN_Painting_Portrait_Rectangle_J" : "d8ab3c7b-0ef5-40cf-89c8-401d7363559e",
	"FUR_GEN_Painting_Portrait_Rectangle_K" : "d4fc2b3c-7f92-4d3c-9792-3f9d097cedf7",
	"FUR_GEN_Painting_Portrait_Rectangle_L" : "d64c62cd-3e5d-4f70-b05f-b347afb1c5ef",
	"FUR_GEN_Painting_Portrait_Rectangle_M" : "60b6a4da-4f5c-46ab-a4c9-1d87ed2c1eed",
	"FUR_GEN_Painting_Portrait_Rectangle_N" : "383dbc9b-8052-4ed9-8515-2447f03ef189",
	"FUR_GEN_Painting_Portrait_Rectangle_O" : "f79ec624-0fa0-44bc-825a-4390e694ce4a",
	"FUR_GEN_Painting_Portrait_Rectangle_P" : "2fcfcebe-b75d-4c8e-a13d-64b628436b8c",
	"FUR_GEN_Painting_Portrait_Round_A" : "de28168f-2d5a-452e-a5ff-537d92202b39",
	"FUR_GEN_Painting_Portrait_Round_B" : "f303e5d7-b32b-4844-bcc3-053380462ba3",
	"FUR_GEN_Painting_Portrait_Round_C" : "2b728203-f01d-4d90-aea9-b8ad3625f2af",
	"FUR_GEN_Painting_Portrait_Round_D" : "a27fdcc7-7222-40e0-8184-84b45ba0d600",
	"FUR_GEN_Painting_Portrait_Vlaakith_A" : "8119ce2f-71eb-412b-b433-a4dc0b19d5ae",
	"FUR_GEN_Painting_Portrait_Vlaakith_A_Vandalized" : "90d68d9b-e6cc-4a67-a3b1-a45e498087b5",
	"FUR_GEN_Painting_Portrait_Vlaakith_B" : "5ba0fc3c-dfee-4ec5-a0f9-95e43afa943f",
	"FUR_GEN_Painting_Portrait_Vlaakith_B_Vandalized_Failed_A" : "54400081-82a4-4c36-8507-d2c6afa1a7be",
	"FUR_GEN_Painting_Portrait_Vlaakith_B_Vandalized_Success_A" : "4bdb9f29-45fa-4782-bad9-ff1ac5046a2c",
	"FUR_GEN_Painting_StillLife_A" : "4606cc95-f2f1-4c6a-9571-68a981060514",
	"FUR_GEN_Painting_StillLife_A_Rich_A" : "09857d72-c895-4f3a-9149-6d769d2f31d5",
	"FUR_GEN_Painting_StillLife_B" : "d1e388c0-9f12-4937-941f-37ad1d666473",
	"FUR_GEN_Painting_StillLife_B_Rich_A" : "6561e67b-9abb-4091-bd77-e9abf255ab89",
	"FUR_GEN_Painting_StillLife_C" : "ab6a6d45-d422-41ad-ae11-41ec308f4849",
	"FUR_GEN_Painting_StillLife_C_Rich_A" : "1500df20-20d3-4147-81d2-ffba41409659",
	"FUR_GEN_ZevorsAppeal_Painting_A" : "accbb8ba-ceaa-4924-95be-0aae779363b1",
	"FUR_HoH_Painting_Rectangle_A" : "86d36f55-9c60-48b8-a5e5-73ae43151401",
	"FUR_HoH_Painting_Rectangle_B" : "dfa080d4-3c49-4eb5-b095-1d2f5a657ae3",
	"FUR_HoH_Painting_Rectangle_C" : "ffe3490b-154a-414f-a3d1-644b18dc3a1d",
	"INGR_Seashell_Conch_A" : "cc086b70-3ed9-489d-a53b-f5e88496fe06",
	"INTERACT_DEC_GEN_Kitchen_CuttingBoard_A" : "87b64dc6-f3af-4ece-a4c3-287784db78df",
	"LAB_GEN_Bottle_A" : "71dcd540-b759-49a3-998e-500529ddc174",
	"LAB_GEN_Bottle_B" : "dab87b3c-70fe-4f33-9fe8-54a087587945",
	"LAB_GEN_Bottle_C" : "50a7dee3-3765-41bb-98dd-ec865128e6c9",
	"LAB_GEN_Bottle_D" : "a37864ec-6a14-43d1-9151-067eb6eab3ae",
	"LAB_GEN_Bottle_E" : "a53967f8-595d-4ae3-92e8-06df7fa2df18",
	"LOOT_Alchemy_Crystal_PurpleFluoriteShard" : "fef1900a-402c-455f-8c63-87bdaedac6d7",
	"LOOT_Alchemy_Extract_Liquid_Bowl_A" : "74ad6e48-5894-4d14-a233-74b74366ae1f",
	"LOOT_Alchemy_Miscellaneous_CrystalBall" : "adee0e7a-43d9-4fb0-806c-baa94ee0691f",
	"LOOT_Alchemy_Myconid_Grenade_Fire_A" : "cb2e4639-1928-48a6-b7be-05c08df3b6eb",
	"LOOT_BODYPART_HeadElfFemale" : "05a9cbf9-cc11-4f48-b3ad-ef04f6723fc0",
	"LOOT_Bathroom_Bucket_Coals_A" : "d9aa2e72-03c0-4b77-aca0-638ce2ba948a",
	"LOOT_Bathroom_Bucket_Sponges_A" : "8e11fada-192f-4042-8c84-dc7b78f32541",
	"LOOT_Bathroom_Bucket_Wood_A" : "fcc211bd-21a6-4526-b9b9-d3bb98653caa",
	"LOOT_Bathroom_Copper_Plate_A" : "c408ec22-9703-476f-9a42-d85177a623e7",
	"LOOT_Bathroom_Sponge_A" : "172603c6-0ee4-40f4-9f60-2727e44544d3",
	"LOOT_Bathroom_Towel_A" : "9a94a73b-8a0f-4a06-a83b-39350094a57a",
	"LOOT_Bathroom_Vase_A" : "c97c39de-1b44-4392-8484-92f2791f4910",
	"LOOT_Belt_001_NOTAPPROUVED" : "dfeacd4a-51f4-43d6-8184-5fe375fc6524",
	"LOOT_COINS_Copper_Pile_Single_A_DONOTUSE" : "0d873597-94bd-481a-86af-bc26dfa14fb9",
	"LOOT_COINS_Copper_Pile_Small_A_DONOTUSE" : "28658ab0-c47d-4d5c-943b-cd4dd59756df",
	"LOOT_COINS_Electrum_Pile_Single_A_DONOTUSE" : "eefb4c70-6fe7-418f-8e66-7fd90b4b997e",
	"LOOT_COINS_Electrum_Pile_Small_A_DONOTUSE" : "43e5d894-2913-4bc3-8b18-79dbe14e72f5",
	"LOOT_COINS_Platinum_Pile_Single_A_DONOTUSE" : "13d7ec5d-bfd5-4bd1-a05e-c3cba839be7c",
	"LOOT_COINS_Platinum_Pile_Small_A_DONOTUSE" : "639112c7-e018-46dc-b96e-7f90d3b61484",
	"LOOT_COINS_Silver_Pile_Single_A_DONOTUSE" : "a6680df2-0ac5-46e9-88bd-bd3cbd9fe396",
	"LOOT_COINS_Silver_Pile_Small_A_DONOTUSE" : "ae071239-2e43-4e02-9f9c-f84bc5d9af3b",
	"LOOT_COINS_Silver_Pile_Small_B_DONOTUSE" : "13145c48-bef5-459e-9955-d6557155b6b1",
	"LOOT_Druid_Autopsy_Set_Empty" : "aa744214-33e1-437c-b24a-18a8837c790b",
	"LOOT_Druid_Autopsy_Set_Long_Liquid" : "d883ecb5-f32f-43c6-99d5-d6002d84097a",
	"LOOT_Druid_Autopsy_Set_Long_Tentacles" : "15a4a3a5-a993-443c-871a-5d2459e83f3b",
	"LOOT_Druid_Autopsy_Set_Small_Eye" : "3266c762-6f32-4265-9855-7d1314d488ab",
	"LOOT_Druid_Autopsy_Set_Small_Flowers" : "ae373f7c-6209-4bce-920f-27fceb4b3c0c",
	"LOOT_Druid_Autopsy_Set_Tadpole" : "8451056b-22ab-4ab6-8be0-6ff4e7559fe4",
	"LOOT_Dungeon_SharTemple_Gem_A" : "6d34fb12-b441-4d83-a661-49d08f43eb89",
	"LOOT_Dungeon_Skeleton_Animal_RamBone_A" : "d3c6b942-59e4-4eb6-b8e6-c8a11d921a0d",
	"LOOT_Dungeon_Skeleton_Animal_RamBone_B" : "b39b0121-4bc6-4025-9061-1f88e3819167",
	"LOOT_Foundry_Misc_Crowbar_A" : "25c73ac0-8be2-4781-b5cf-f644ef94e40e",
	"LOOT_Foundry_Misc_Gear_A" : "588e0fa9-4c4a-45cb-8681-9f5bed55663b",
	"LOOT_Foundry_Misc_Gear_B" : "33ace629-2b9a-4e62-bb63-90264feae4ae",
	"LOOT_Foundry_Misc_Pipe_A" : "b81a6b8d-ce59-4808-91af-ca05d4a04690",
	"LOOT_Foundry_Misc_Pipe_B" : "3c903f41-f928-43ea-aa81-1297b734d3f7",
	"LOOT_Foundry_Misc_Saw_A" : "146a566f-111b-4f52-a0ab-ede61346cadb",
	"LOOT_GEM_Agate_A" : "75808952-29b8-4840-81e1-fcdd93155ddd",
	"LOOT_GEM_Amethyst_A" : "20626173-dd4d-497e-94f9-b2000a86def9",
	"LOOT_GEM_Bloodstone_A" : "a92ee8db-142f-4a2a-af64-78e3aec36832",
	"LOOT_GEM_Diamond_A_Dark" : "82d4f21d-11c8-47dd-a69f-dcfb3103ff76",
	"LOOT_GEM_Emerald_A" : "27a68594-c573-4c86-98dc-57a9797ae9fb",
	"LOOT_GEM_Jacinth_A" : "7b1ce21b-809f-4965-b52f-53fe10de6b30",
	"LOOT_GEM_Jade_A" : "94fb73e8-668a-499f-a88f-54d24c6947a7",
	"LOOT_GEM_Malachite_A" : "560e773d-6825-4cbd-83c1-9d8e4f53a704",
	"LOOT_GEM_Onyx_A" : "6cbbe9f6-c346-4d6c-b1f1-4cbe6aaf99ef",
	"LOOT_GEM_Pearl_A" : "31d1a9c1-bac0-4738-87ef-23f67b492051",
	"LOOT_GEM_Peridot_A" : "dc9e7cfb-3702-48c7-aa50-b6ce74250944",
	"LOOT_GEM_Ruby_A" : "b085e96d-e199-467f-b6a8-5d9d44e3cb21",
	"LOOT_GEM_Sapphire_A" : "0371fa33-7dae-4980-8468-6d8e99824af6",
	"LOOT_GEM_Topaz_A" : "55524c47-c62f-45ac-8505-426cb04707c9",
	"LOOT_GEN_AdamantineScrap_A_Piece" : "3d6e790a-6454-4926-a2b0-21286c8f67a2",
	"LOOT_GEN_Amulet_Necklace_A_Bronze_A" : "8bba4a7c-a7df-4d1f-b202-286522a028fa",
	"LOOT_GEN_Amulet_Necklace_A_Gold_A" : "fc44cf0e-04dc-4feb-b143-b1c52cffe252",
	"LOOT_GEN_Amulet_Necklace_A_Gold_A_1" : "c652a8d0-14e6-4999-8b98-a9325c845bce",
	"LOOT_GEN_Amulet_Necklace_A_Silver_A" : "51873c0d-f319-45e6-a6a2-79164cd8f3db",
	"LOOT_GEN_Amulet_Necklace_B_Bronze_A" : "fda631e5-83f5-4ae4-b28f-cf4da102e3be",
	"LOOT_GEN_Amulet_Necklace_B_Gold_A" : "c612c1e6-0ff0-40a1-b199-b25db1c9808e",
	"LOOT_GEN_Amulet_Necklace_B_Gold_A_1" : "278ac367-34c4-441c-b4a6-8d7f11255e46",
	"LOOT_GEN_Amulet_Necklace_B_Silver_A" : "50d054ee-4982-46eb-8f16-7a1c71ec8e28",
	"LOOT_GEN_Amulet_Necklace_B_Silver_A_1" : "a117bf60-4623-485d-8fd8-a2d2273fea00",
	"LOOT_GEN_Amulet_Necklace_C_Bronze_A" : "032c0c5e-158f-4c51-8fbe-f7658f43c853",
	"LOOT_GEN_Amulet_Necklace_C_Gold_A" : "ee6309db-5347-435c-94d8-a84f5996ea56",
	"LOOT_GEN_Amulet_Necklace_C_Silver_A" : "c3d8f808-3f35-4206-9f6d-a26961953616",
	"LOOT_GEN_Amulet_Necklace_D_Bronze_A" : "15be2ce4-3f2c-4b75-8068-bd13fd69a3d5",
	"LOOT_GEN_Amulet_Necklace_E_Pearl_A" : "5fb93f62-06fa-4dc1-9c59-ff3fd48043d4",
	"LOOT_GEN_Amulet_Necklace_E_Pearl_A_1" : "938f131a-9a25-44d1-a318-ec85b2ef8f7c",
	"LOOT_GEN_Amulet_Necklace_E_Pearl_B" : "8174f2b6-e595-4d18-a3bb-b1617d0524ac",
	"LOOT_GEN_Amulet_Necklace_E_Pearl_C" : "ecd570ea-af01-4835-a9c8-967edf4afe85",
	"LOOT_GEN_Amulet_Necklace_F_Gold_A" : "912bbc6f-f4f0-4815-9ed5-d914289402e6",
	"LOOT_GEN_Amulet_Necklace_F_Silver_A" : "e75e18a0-0a94-42b4-8745-063ea00a5a66",
	"LOOT_GEN_Arcane_Orb_A" : "24700c9e-d5cd-4b59-9929-dc39da12569b",
	"LOOT_GEN_Bedlinen_A_Folded" : "41e87646-aec7-4411-9e2b-14a17d3ffe31",
	"LOOT_GEN_Bowl_Metal_A" : "28c72a9b-e985-45d9-b49b-c3878d6d0e49",
	"LOOT_GEN_Bowl_Wooden_A" : "2c1541b5-18f9-4638-964b-6880e4f38bd6",
	"LOOT_GEN_Bowl_Wooden_A_Frog_A" : "0ca6b468-ce79-447c-8ccb-960d06bb37de",
	"LOOT_GEN_Brain_A" : "63786952-4081-4ca4-ab17-d8be364f5ebd",
	"LOOT_GEN_Brain_Half_A" : "ecca7197-04b2-45d8-a699-661727f49377",
	"LOOT_GEN_Brain_Half_B" : "73cd8c32-37ec-485f-bff7-dc2cee2fe820",
	"LOOT_GEN_Chalice_A_Bronze_A" : "5ba9303c-0675-4c99-b07d-e8eb53a3f8ad",
	"LOOT_GEN_Chalice_A_Gold_A" : "4fe7a57f-fb63-4192-9483-c47c8e845738",
	"LOOT_GEN_Chalice_A_Silver_A" : "0d9ea214-1790-4cfa-aff6-8d024a3d5e2d",
	"LOOT_GEN_Chalice_B_Bronze_A" : "a44381ec-6e35-4904-bd6c-cc2886ba5cde",
	"LOOT_GEN_Chalice_B_Gold_A" : "97c1a4d2-d797-4d2c-8a59-e17991082027",
	"LOOT_GEN_Chalice_B_Silver_A" : "6d5f32c7-2694-4a8d-ab0e-aebeafe5a73a",
	"LOOT_GEN_Charcoal_A" : "99cc464d-8d7e-493a-bc63-fdfd365e813d",
	"LOOT_GEN_Charcoal_B" : "ee1edb85-6c14-4f26-9ccc-0443a3f37324",
	"LOOT_GEN_Charcoal_C" : "4c95f360-eda0-4cf8-87f4-12147a5b9d67",
	"LOOT_GEN_Charcoal_D" : "84630063-62f4-4e9a-a578-0b5808e90e3f",
	"LOOT_GEN_Charcoal_E" : "e409b155-a938-46b5-aaf9-5b493f90e6fd",
	"LOOT_GEN_Dining_Glass_Silver_Rich_A" : "308cd520-49df-4164-8b22-66e61d76d135",
	"LOOT_GEN_Dining_Glass_Silver_Rich_A_Dirty_A" : "3ca5d1d7-c11a-4000-b2ac-2b89b53f9f04",
	"LOOT_GEN_Dining_Glass_Silver_Rich_B" : "84764003-f9e7-48d6-a07b-6cf095d6c8de",
	"LOOT_GEN_Dining_Glass_Silver_Rich_B_Dirty_A" : "9580ca77-0f35-4d90-b643-553aa9dde1b5",
	"LOOT_GEN_Dining_Glass_Silver_Rich_C" : "a3b41509-297e-4cd9-9af2-adb42ff81919",
	"LOOT_GEN_Dining_Glass_Silver_Rich_C_Dirty_A" : "98b31acc-6266-469c-850c-66e01df293d2",
	"LOOT_GEN_Dining_Glass_Silver_Rich_D" : "b201b996-3723-43f9-af62-ec5c2bc1901d",
	"LOOT_GEN_Dining_Glass_Silver_Rich_D_Dirty_A" : "17e1fdf2-4853-497a-a58c-2d79c38981c1",
	"LOOT_GEN_Dining_Glass_Silver_Rich_E" : "05b61de5-bc19-485a-8c2b-6923284e40aa",
	"LOOT_GEN_Dining_Glass_Silver_Rich_E_Dirty_A" : "43c9055e-913d-4a92-9eef-225892fd28ac",
	"LOOT_GEN_Dining_Glass_Silver_Rich_F" : "a0308f7e-e57e-4e21-9dc1-c51bf7680997",
	"LOOT_GEN_Dining_Glass_Silver_Rich_F_Dirty_A" : "ae9b9681-7aed-4400-809f-25f9d329cae5",
	"LOOT_GEN_Dining_Glass_Silver_Rich_G" : "c37d61c4-b1b4-4068-9475-3e659a4d8443",
	"LOOT_GEN_Dining_Glass_Silver_Rich_G_Dirty_A" : "f7254258-d805-42d0-b856-33c15a04f52f",
	"LOOT_GEN_Dining_Glass_Silver_Rich_H" : "7dce8ff0-d6e7-42ec-b462-b33a2624552a",
	"LOOT_GEN_Dining_Glass_Silver_Rich_H_Dirty_A" : "fd855de3-c1d6-416f-a8b4-8b9d4c275c67",
	"LOOT_GEN_Dining_Plate_Elevated_Silver_Rich_A" : "c87a576a-01e2-4030-a511-86566bc834df",
	"LOOT_GEN_Dining_Plate_Elevated_Silver_Rich_A_Dirty_A" : "8c80141f-b014-4970-8426-290c7aa6701f",
	"LOOT_GEN_Dining_Plate_Elevated_Silver_Rich_B" : "2d8a68b3-690d-4416-a3f1-2532e1c755a8",
	"LOOT_GEN_Dining_Plate_Elevated_Silver_Rich_B_Dirty_A" : "6805fdaa-cd0b-4102-a591-3afa64eb8ed5",
	"LOOT_GEN_Dining_Plate_Elevated_Silver_Rich_C" : "8c6027a6-7304-478e-9bd9-e4fe5d698d0f",
	"LOOT_GEN_Dining_Plate_Elevated_Silver_Rich_C_Dirty_A" : "a4358a37-cb55-442f-be33-9073a5f05c26",
	"LOOT_GEN_Dining_Plate_Silver_Rich_A" : "dcfb0c0f-37ef-40a5-a159-b202058c10df",
	"LOOT_GEN_Dining_Plate_Silver_Rich_A_Dirty_A" : "b3adfd25-1818-41d5-8cdc-2748e1350a35",
	"LOOT_GEN_Dining_Plate_Silver_Rich_B" : "7fd37e34-c4c1-4a9e-839c-cc0eb1a1c173",
	"LOOT_GEN_Dining_Plate_Silver_Rich_B_Dirty_A" : "a045f7ff-0ca2-4206-a862-752e37f06ea7",
	"LOOT_GEN_Dining_Plate_Silver_Rich_C" : "f12b835a-8b46-4850-9764-f5b9286862c8",
	"LOOT_GEN_Dining_Plate_Silver_Rich_C_Dirty_A" : "23472cb3-ab2c-4989-981b-2ed39cfdc056",
	"LOOT_GEN_Dining_Plate_Silver_Rich_D" : "1cee0cb5-5a6a-4ed5-9cc3-636083121ac0",
	"LOOT_GEN_Dining_Plate_Silver_Rich_D_Dirty_A" : "e86a41a6-0e94-4f4f-a606-426ca6f03da3",
	"LOOT_GEN_Dining_Plate_Silver_Rich_E" : "a1b87ffe-d482-4196-9299-41c78f5fbc1b",
	"LOOT_GEN_Dining_Plate_Silver_Rich_E_Dirty_A" : "27ee7974-b634-4146-8f3b-1326bee97cda",
	"LOOT_GEN_Dining_Plate_Silver_Rich_F" : "37e863e6-4e31-4d5a-82c6-38ff874de447",
	"LOOT_GEN_Dining_Plate_Silver_Rich_F_Dirty_A" : "dce10f3b-6192-4c57-9168-684812041151",
	"LOOT_GEN_Dining_Plate_Silver_Rich_G" : "91ea5049-b91f-4de8-a9a4-7be02e801b3f",
	"LOOT_GEN_Dining_Plate_Silver_Rich_G_Dirty_A" : "c2312fc4-7284-459c-afd5-971cf7aafab0",
	"LOOT_GEN_Dining_Plate_Silver_Rich_H" : "e99a7542-7058-45ff-97b8-0d85af6d675f",
	"LOOT_GEN_Dining_Plate_Silver_Rich_H_Dirty_A" : "07c2c31e-8d1d-4060-ba7d-f5f37567ed9b",
	"LOOT_GEN_Dining_Plate_Silver_Rich_I" : "5584bb2b-2321-45d2-864d-f79ee37b4fcd",
	"LOOT_GEN_Dining_Plate_Silver_Rich_I_Dirty_A" : "595221ee-23de-4763-91d8-e441f12259e5",
	"LOOT_GEN_Dining_Plate_Silver_Rich_J" : "c210cf1a-233a-4513-a2f5-de74f59a598d",
	"LOOT_GEN_Dining_Plate_Silver_Rich_J_Dirty_A" : "e456a7a6-217f-49d4-8c2e-226e74a16790",
	"LOOT_GEN_Dining_Ustensil_Fork_Silver_Rich_A" : "c9d1582a-a8ae-4904-a39e-53f7adc54493",
	"LOOT_GEN_Dining_Ustensil_Fork_Silver_Rich_A_Dirty_A" : "1861fca1-1bb6-446e-8200-85b4efb14e72",
	"LOOT_GEN_Dining_Ustensil_Knife_Silver_Rich_A" : "9b017999-20a3-4073-a900-2cba83438540",
	"LOOT_GEN_Dining_Ustensil_Knife_Silver_Rich_A_Dirty_A" : "f7789374-3404-4554-bef1-60bd213d7382",
	"LOOT_GEN_Dining_Ustensil_Spoon_Silver_Rich_A" : "386a5c4a-8f59-4e82-bcad-554ca38634c4",
	"LOOT_GEN_Dining_Ustensil_Spoon_Silver_Rich_A_Dirty_A" : "d99ceeaa-818d-4def-825b-e297386e814b",
	"LOOT_GEN_Dog_Collar_A" : "f5e6c5d5-7361-446f-aa78-d394b2e4042c",
	"LOOT_GEN_DryBone_A" : "876c66a6-018c-48fe-8406-d90561d3db23",
	"LOOT_GEN_Eye_A" : "8eeeb260-9a9f-48aa-b1bf-f86a2f7f8399",
	"LOOT_GEN_Ghastly_Bottles_A" : "41cfbebd-0da7-46de-b935-55d978c43a09",
	"LOOT_GEN_Ghastly_Bottles_B" : "39ab4fea-afa0-41f4-914b-09faa3c0d557",
	"LOOT_GEN_Ghastly_Bottles_C" : "290d9f74-e55d-4e88-9545-7713f5295d78",
	"LOOT_GEN_Ghastly_Bottles_D" : "6b255f8a-1f62-44d8-b158-d0f8400208ff",
	"LOOT_GEN_Ghastly_Bottles_E" : "9dae2b47-8515-45e3-8ee8-7e07aa33ddce",
	"LOOT_GEN_Ghastly_Bottles_F" : "400b269d-56d6-412f-898b-73c1d9777f38",
	"LOOT_GEN_Ghastly_Bottles_G" : "df69b44c-9522-43dc-bbf8-fc83afca9279",
	"LOOT_GEN_Githyanki_Map_A_Posed_A" : "1b4fb6f7-42cc-4da6-9261-a81e48196dc0",
	"LOOT_GEN_Githyanki_Map_A_Rigged_A" : "26cb1e4f-499b-437e-9ad6-8b1ca812f37b",
	"LOOT_GEN_Goblet_Metal_A" : "2ad4ef32-1c55-46f3-abff-908c8dd0d116",
	"LOOT_GEN_Goblet_Metal_A_Tadpoles_A" : "d522f555-02f5-4dfa-911e-e190d4deb4cf",
	"LOOT_GEN_Goblet_Rich_Large_A" : "ddaf1d0c-85b5-42d8-b15c-09bf624f3249",
	"LOOT_GEN_Goblet_Rich_Large_B" : "d6db5601-17c1-4f64-9b59-ec82a53fb5a3",
	"LOOT_GEN_Goblet_Rich_Large_C" : "9403da0c-e8e6-4262-bda2-072beaf39641",
	"LOOT_GEN_Goblet_Rich_Large_D_Bloody" : "d552784a-a784-47b8-84e8-b4243cc343a6",
	"LOOT_GEN_HandMirror_A_Metal_A" : "c8664f59-dcae-4717-833d-8c964c10d16f",
	"LOOT_GEN_Handkerchief" : "8e597df7-3831-42ab-b36b-4bfeb0ef2b7c",
	"LOOT_GEN_Hourglass_A" : "c2408cda-c9e6-42b4-8d41-47072acd0571",
	"LOOT_GEN_IcePick_A" : "09cd6c46-2633-4ce7-8740-ed64f1b03cd0",
	"LOOT_GEN_Idol_Pedastal_A" : "518e3554-c0dc-4740-bb1b-be59cf08aed8",
	"LOOT_GEN_Idol_Pedastal_Wood_A" : "79a5968b-d10b-4d97-905d-bcf3a8361aef",
	"LOOT_GEN_Incense_A" : "850a00c0-9ba7-4f23-948e-935b4eeb1cf8",
	"LOOT_GEN_Incense_Bundle_A" : "b65070c1-96bc-42af-960b-b785f51c96be",
	"LOOT_GEN_Junk_A_FishSkeleton_A" : "9b91e439-288a-4a87-b222-3ed5c2184b9f",
	"LOOT_GEN_Kitchen_Bowl_Ceramic_Rich_A" : "1a466559-9518-4215-90e4-1f99264e028a",
	"LOOT_GEN_Kitchen_Bowl_Ceramic_Rich_B" : "adadcf9e-0a62-4abc-a9ee-c6a2b00a3394",
	"LOOT_GEN_Kitchen_Cutlery_Fork_Poor_A" : "8c17a2e5-e742-4fac-a0d6-10289be28c72",
	"LOOT_GEN_Kitchen_Cutlery_Fork_Rich_A" : "e7fe4425-78c4-4270-a745-a2a96ec740cb",
	"LOOT_GEN_Kitchen_Cutlery_Knife_Poor_A" : "7d9a414b-2b5a-4672-87c5-65dd8cebe598",
	"LOOT_GEN_Kitchen_Cutlery_Knife_Rich_A" : "41f63854-1c50-454a-88c8-08dc696f7bc5",
	"LOOT_GEN_Kitchen_Cutlery_Plate_Rich_A" : "2e7a33f1-e1d3-4698-88f1-841e21d6ea2c",
	"LOOT_GEN_Kitchen_Cutlery_Spoon_Poor_A" : "e83fd649-56ae-4204-93f5-55f3b112417c",
	"LOOT_GEN_Kitchen_Cutlery_Spoon_Rich_A" : "52028998-2e36-4c6f-801b-8fe202c5d0e8",
	"LOOT_GEN_Lever_Floor_Metal_A_Broken_Base_A" : "8755da9e-9513-42df-8c14-e07b6ec7779b",
	"LOOT_GEN_Locket_Keepsake_Closed_A" : "fa28af9d-f179-4eeb-9780-a4cde893ac1f",
	"LOOT_GEN_Locket_Keepsake_Open_A" : "179c4e2f-a568-40be-b9c6-25c2541aeb12",
	"LOOT_GEN_Metalbar_Adamantine_A" : "ed758113-c69b-4e7f-8b41-036a071df80a",
	"LOOT_GEN_Metalbar_Bronze_A" : "5b386575-5836-40cd-8548-e5c27fd105a1",
	"LOOT_GEN_Metalbar_Gold_A" : "44f47718-9769-4c0e-af75-7789d2f2913d",
	"LOOT_GEN_Metalbar_Silver_A" : "e0803337-e2b1-4528-8d4f-b5814e9a52ec",
	"LOOT_GEN_MusicBox_A" : "fe651984-16d0-428a-bf15-7bee24a31f71",
	"LOOT_GEN_Needle_A" : "5f02a904-d5f0-4e5e-86fd-0cc690e7681c",
	"LOOT_GEN_Pipe_A" : "b9432719-b2ce-47a0-b349-4b12744dc4ff",
	"LOOT_GEN_Pipe_B" : "d9adc825-966a-4eeb-9b1c-950ec941c269",
	"LOOT_GEN_Poop_A" : "ee8625e8-1bb4-4bc3-985d-b37ce87ee7f2",
	"LOOT_GEN_Poop_A_Throwable" : "71e48b10-4cd4-4cf8-a9d9-bf16b386d219",
	"LOOT_GEN_Poop_B" : "478007fe-b658-4cf1-87c7-877da8cede97",
	"LOOT_GEN_Pot_Ceramic_A" : "3e10359a-3918-4341-83ee-069829b6d1f0",
	"LOOT_GEN_Pot_Ceramic_B" : "2308ae58-6ade-490c-89d9-312cf9c85cfc",
	"LOOT_GEN_Pot_Ceramic_C" : "f41f0ac9-afd2-442d-8d26-24ea0450f5cd",
	"LOOT_GEN_Ring_A_Gem_A_Gold" : "173aad0e-0db4-4f2f-8f24-49e6898b8f90",
	"LOOT_GEN_Ring_A_Gem_A_Gold_1" : "52f6619c-edd3-4493-a420-c124f52c2a03",
	"LOOT_GEN_Ring_A_Simple_Gold" : "ecf4a8a4-7859-4a82-8c08-0c9526f29500",
	"LOOT_GEN_Ring_B" : "7ff7d7b1-6fdd-44b7-b0ca-d9f4ebf5bb72",
	"LOOT_GEN_Ring_B_Gem_A_Gold" : "8eba01b5-b731-447f-887e-0cf0dd4d53d4",
	"LOOT_GEN_Ring_B_Gem_B_Gold" : "2a4b298c-88cb-4951-b244-2e65e6819945",
	"LOOT_GEN_Ring_B_Gem_B_Gold_1" : "6ebf81ac-0144-4a03-85d7-df978ea82b1a",
	"LOOT_GEN_Ring_B_Gold_A" : "5cd7c5d3-fb97-4757-b5fd-dcc7a43110a7",
	"LOOT_GEN_Ring_B_Gold_A_1" : "4bd69459-037e-4be9-8697-2b68ab7fdf74",
	"LOOT_GEN_Ring_B_Silver_A" : "9c147265-5b32-44fe-af57-fa0d3f6c5712",
	"LOOT_GEN_Ring_B_Silver_A_1" : "68262d1e-aa97-41c3-8daf-9910359705f9",
	"LOOT_GEN_Ring_C" : "d4d7ed7f-3b51-4be4-8b3c-15dcd4f9de91",
	"LOOT_GEN_Ring_C_Gold_A" : "a631b70a-22e9-4e2c-bb07-2164c2beb5d0",
	"LOOT_GEN_Ring_C_Gold_A_1" : "d24378c9-7d4a-4ae2-b464-f415fc1fdecd",
	"LOOT_GEN_Ring_C_Silver_A" : "81d843ad-2343-4964-b5d0-3db44dfee4e1",
	"LOOT_GEN_Ring_D" : "9e1ef422-c33e-4429-a197-abc07a02d767",
	"LOOT_GEN_Ring_D_Gold_A" : "b7aab838-cafa-4b7d-a8d5-95ec3488f909",
	"LOOT_GEN_Ring_D_Silver_A" : "a9f741f6-a758-47ea-bb21-9a37d3ddfe42",
	"LOOT_GEN_Ring_E" : "8b1c2137-76e4-4a47-bebb-cf50847aca08",
	"LOOT_GEN_Ring_E_Gold_A" : "aa39ec3a-55c5-465c-8a3f-d5eb810c073f",
	"LOOT_GEN_Ring_E_Silver_A" : "efe2746c-10d4-4082-9133-d05b6f7fa291",
	"LOOT_GEN_Ring_F" : "5dafe8e9-8437-4347-96eb-98b58efaacf6",
	"LOOT_GEN_Ring_F_Gold_A" : "66dc3535-3757-403b-8236-de380bf3f4ca",
	"LOOT_GEN_Ring_F_Silver_A" : "49b84359-6a28-460e-af98-4526c5fca6fd",
	"LOOT_GEN_Ring_G" : "5f2b3262-bc71-4873-beb5-b51968e565ee",
	"LOOT_GEN_Ring_G_Gold_A" : "b72c3fb7-c172-4dfa-81bb-f924a3c1ec19",
	"LOOT_GEN_Ring_G_Silver_A" : "34dceb64-7246-4a2a-b7c0-411725ce468e",
	"LOOT_GEN_Ring_H" : "f284c260-84d9-45d6-8a15-257401f361dc",
	"LOOT_GEN_Ring_H_Gold_A" : "638307c5-20ec-41a3-8c2f-c86d56bbaf73",
	"LOOT_GEN_Ring_H_Gold_A_1" : "cda47bec-cb10-4540-8fb3-c3c4e6f47be8",
	"LOOT_GEN_Ring_H_Silver_A" : "5cbedb00-e900-439e-9035-50ab581fc5b9",
	"LOOT_GEN_Ring_I" : "5b22795e-8193-4933-98f9-9667d6f60b53",
	"LOOT_GEN_Ring_I_Gold_A_1" : "9926e42f-5e1a-47ec-a413-eb5696c24841",
	"LOOT_GEN_Ring_I_Silver_A" : "fc5dbbb6-10ec-427d-abe5-a04f5182e332",
	"LOOT_GEN_Selune_Brooch_A" : "f6feebde-20fd-4df8-bd7c-470086602dd7",
	"LOOT_GEN_Selune_Earring_A" : "9588728e-4d4e-4ffe-8bea-7bf9a6c0b8d2",
	"LOOT_GEN_Severed_Hand_A" : "afda1abe-a3c5-479a-99a9-84d17caf2d3f",
	"LOOT_GEN_Severed_Hand_B" : "caee9148-191d-4f76-9399-abbb6a7d2c74",
	"LOOT_GEN_Throwable_Grenade_Confusion_A" : "a8ece6c9-7168-416b-a2c2-9b922d4e760b",
	"LOOT_GEN_Toy_TeddyBear_A_Clean" : "1ac45157-d063-4314-8832-c50062a885dd",
	"LOOT_GEN_Toy_TeddyBear_A_Worn" : "62bc283a-9919-4f7c-b468-5303e0f97175",
	"LOOT_GEN_Toy_TeddyBear_B" : "66414ad6-f1b1-4f55-b3df-c0e86c217f54",
	"LOOT_GEN_Toy_TeddyBear_C" : "be3852d2-8ba9-4140-9572-ecbf892f9ffc",
	"LOOT_GEN_Toy_TeddyBear_D" : "d360ba1d-05ff-40a2-a8e0-ce917725dde6",
	"LOOT_GEN_Toy_TeddyBear_E" : "a267d4bb-142b-4095-8708-e0b3a1b844f8",
	"LOOT_GEN_Toy_TeddyBear_F" : "9fb837ae-d5af-4ad9-ba40-a747386467bb",
	"LOOT_GEN_Toy_TeddyBear_G" : "d763820d-7580-4ea7-833c-1ce4e2deb8c2",
	"LOOT_GEN_Toy_WoodenBlock_A" : "b0f10499-4e01-462f-894f-5b0fe9043b25",
	"LOOT_GEN_Toy_WoodenBlock_B" : "56738b6b-07de-472a-8b9f-d26262a96741",
	"LOOT_GEN_Toy_WoodenBlock_C" : "2e88f468-b34c-439e-b488-5d10715885c3",
	"LOOT_GEN_Toy_WoodenBlock_D" : "d40903a5-1b2d-4422-8868-d64e6f709988",
	"LOOT_GEN_Wheat_A" : "4279ef22-05a2-45cc-9d55-b4e0fe0ee838",
	"LOOT_GOB_Spear_Tip_A" : "16df888c-7794-4a92-849d-1390bae79c70",
	"LOOT_Gold_A" : "1c3c9c74-34a1-4685-989e-410dc080be6f",
	"LOOT_HAG_Skeleton_Ribs_A" : "7862493e-b0c7-43d8-955f-bfe73b508681",
	"LOOT_Hookah_A" : "1aa5e5a4-d66a-402b-9c56-5f4b8f92e80f",
	"LOOT_Ketheric_Forge_Mold_Piece_A" : "e886790d-25f0-4798-b686-0ee7ee571532",
	"LOOT_Ketheric_Forge_Mold_Piece_B" : "d854bc4b-c146-4af2-891b-e224e4c7c0f7",
	"LOOT_Ketheric_Forge_Mold_Piece_C" : "f9a344ed-84a8-4e7b-9948-cf3f8d6e64a7",
	"LOOT_Ketheric_Forge_Mold_Piece_D" : "79fd40e2-d42e-4715-bc81-414214afd298",
	"LOOT_Ketheric_Forge_Mold_Piece_E" : "5403ed77-c0df-476f-8db7-2da404d54973",
	"LOOT_Ketheric_Forge_Mold_Piece_F" : "3f3a80b7-f8f7-4fef-b1e3-a9233d01a6eb",
	"LOOT_Ketheric_Infernal_Plate_B" : "4a1dec56-1b6d-4faa-8bfb-719a0efd3f9e",
	"LOOT_Laboratory_Flask_Glass_A" : "209ba90f-3954-4ab6-8818-70dbaa4f5b70",
	"LOOT_Laboratory_Flask_Glass_A_Empty_A" : "e78c5f50-0bc0-46f4-9abb-0e057c3c19bd",
	"LOOT_Laboratory_Flask_Glass_B" : "4528c43d-f986-42ea-8189-6efedae49ba8",
	"LOOT_Laboratory_Flask_Glass_B_Empty_A" : "285da9ec-7c1e-4356-a327-3003a7b51181",
	"LOOT_Laboratory_Flask_Glass_C" : "38eddd97-ecbc-4a76-8ebc-54cfb26ec424",
	"LOOT_Laboratory_Flask_Glass_C_Empty_A" : "9b45b164-bf0e-4319-a953-49c9627cc49d",
	"LOOT_Laboratory_Flask_Glass_D" : "4bbbf19d-98f3-47e6-a15b-daa6eaa88c21",
	"LOOT_Laboratory_Flask_Glass_D_Empty_A" : "f99d86d2-2012-48a2-bfd1-1dbc867ad13c",
	"LOOT_Laboratory_Flask_Glass_E" : "a1ff26e4-1a98-4fdc-8aa5-3ae0d162d698",
	"LOOT_Laboratory_Flask_Glass_E_Empty_A" : "d0bc5fbb-c970-479e-b811-ba852d1d914d",
	"LOOT_Laboratory_Flask_Glass_F" : "329ac92c-6ee6-41c3-9f93-fbb3ee72ae6c",
	"LOOT_Laboratory_Flask_Glass_F_Empty_A" : "7dbca836-3b19-4fc5-8810-5ad5d9ed1592",
	"LOOT_MF_Acid_Spewing_Maw_A" : "bbfa60ca-fe48-4828-b58f-be0ce967baf7",
	"LOOT_MF_Alchemy_Device_A" : "4ed336c8-18a1-49bd-bf75-d99a893ebce7",
	"LOOT_MF_Alchemy_Device_C" : "77700277-7dff-4b19-b2c1-f25b6542fa17",
	"LOOT_MF_Alchemy_Device_D" : "64d4c7d2-73f9-4c6c-a452-0124e7ee722e",
	"LOOT_MF_Alchemy_Device_E" : "2647a47b-575a-4b3d-b0e9-2c85cfa7437c",
	"LOOT_MF_Alchemy_Device_F" : "79e87df2-0041-4278-9951-b114712a632f",
	"LOOT_MF_StrangeLoot_C" : "e7b8d439-94af-424f-859d-7a07df0160a4",
	"LOOT_Printshop_NewsPaper_A" : "9933f646-b5e5-441b-9941-d6d44017b302",
	"LOOT_Smith_Bellows_A" : "a308ea71-8fd3-450e-8336-a1effbb26b36",
	"LOOT_Smith_Tongs_A" : "fa87990b-44bb-47a9-9494-709bb07aa68d",
	"LOOT_Smith_Tongs_B" : "660772bf-fbd7-4f21-ae8f-45e2c862ef4e",
	"LOOT_Smith_Tongs_C" : "66a44497-e195-49ff-9820-c8afadccefbc",
	"LOOT_Smith_Tongs_D" : "957dca87-d519-49bc-bbe0-512ed9d87056",
	"LOOT_Smith_Tongs_E" : "53b24ebe-1543-42a9-bad9-01d6983e1ae3",
	"LOOT_Underdark_Fang_A" : "80169178-734d-48f0-9022-d3392a009c92",
	"LOOT_Underdark_MushroomPieces_A" : "efd48c17-aa2d-4d4f-9c05-5b0ea7a7f8e9",
	"LOOT_Underdark_MushroomPieces_B" : "1f1719bb-4f32-4395-b376-dcf1888c37bb",
	"LOOT_Underdark_MushroomPieces_D" : "9409a9f8-5700-4a06-a8fa-fd3202550310",
	"LOOT_Underdark_Mushroom_Sentinel_A" : "6c93599c-b704-4914-9560-fc2c5893e35c",
	"LOOT_Underdark_Myconid_Bodypart" : "a6cafd7d-5e3b-4683-85c0-a981a91ca781",
	"LOOT_Underdark_Spectator_Eye_A" : "e441169b-dfe9-412e-b47b-f1ce9c5d0ee9",
	"LOW_DjinniTrap_Lamp" : "70ecfea1-2edf-46cd-acaa-6b8235a5efa9",
	"LOW_OskarsBeloved_CounterfitPainting_LowValue" : "68e60d97-ce42-4f3f-bc7c-02ab2543a716",
	"LOW_OskarsBeloved_CounterfitPainting_OskarValue" : "31fd4753-ed72-4acb-9500-922dcda28872",
	"LOW_OskarsBeloved_PlayerPortrait" : "e61b308d-2425-42dd-a9ac-88e3a6362f3e",
	"PREPROD_PROTOTYPE_UTILITY_Mug_A" : "3b2cf4c2-8f1b-405c-a8d0-b9740354dbc5",
	"QUEST_GEM_Button" : "3065f8bf-1d06-4b89-8f2a-268f82155317",
	"QUEST_HermitCrab_Item" : "bcd0ad1a-19b3-4068-a3b0-b968c8d50bf7",
	"QUEST_LOOT_Human_Bodypart_Hand_A_Stone" : "ab546f8b-7a7b-432a-b045-b7697c04105c",
	"QUEST_WYR_RedKnightChessPiece" : "40899561-06fa-4cbf-8031-c839fea44331",
	"QUEST_WYR_RinglessGemstone" : "219a9d40-41b3-4225-a187-64bbc8e96525",
	"Quest_GOB_RoastingDwarf_SmellyPants" : "efa87028-d04d-4f70-8b63-2cccbbcb4374",
	"Quest_HAG_FairyRingMushroom" : "1481eb98-786c-48bc-8b30-4f0b2a0a4b27",
	"S_CAMP_WLDDUNABB_AstarionBed" : "530e440f-2c2e-44d5-b632-278c8c10ca4f",
	"S_DEN_Thieflings_Stash_Plate" : "2e7a33f1-e1d3-4698-88f1-841e21d6ea2c",
	"S_FOR_Thayan_ApothecaryCauldron" : "676138d7-60ba-432b-8483-9665d1920007",
	"S_GLO_Orin_TeleportRing" : "66079879-2c5c-492a-8fb6-bfbae79475e6",
	"S_HAV_MolsDeal_Lanceboard" : "be905812-03f2-4803-b4d1-65300d4d8d14",
	"S_LOOT_GEN_Ring_B" : "7ff7d7b1-6fdd-44b7-b0ca-d9f4ebf5bb72",
	"S_LOW_AtelierPortrait" : "60b6a4da-4f5c-46ab-a4c9-1d87ed2c1eed",
	"S_LOW_Elfsong_Basement_BrainJar" : "aa744214-33e1-437c-b24a-18a8837c790b",
	"S_LOW_Elfsong_EmptyMug" : "9ab9c085-4d24-4b78-85ac-e16b19107ba7",
	"S_LOW_Elfsong_StelemaneRing" : "8eba01b5-b731-447f-887e-0cf0dd4d53d4",
	"S_LOW_FoundryGate_GortashPainting" : "9a5a9588-27c4-4e44-b8a2-0eeb0e932967",
	"S_LOW_KurwinCoffin_MausoleumDogCollar_02" : "f5e6c5d5-7361-446f-aa78-d394b2e4042c",
	"S_LOW_OskarsBeloved_PaintingLookAt" : "ec019ea0-e8bb-49e4-95b3-7a7324596188",
	"S_LOW_Overdose_OpenedSleepPotion" : "d2986570-0c0a-434e-a393-65c3047113e8",
	"S_LOW_PaintingArtArea4" : "5d925f9b-f87e-4733-9410-01b27544b021",
	"S_LOW_ThrowableObjectKitchen" : "63aa1a80-4025-49e4-a9e2-ae52f7cfc2e4",
	"S_LOW_ThrowingPainting" : "a5407fee-be16-450e-a24a-59bfadbdc2cc",
	"S_MOO_Necromancer_GobletWithTadpoles" : "d522f555-02f5-4dfa-911e-e190d4deb4cf",
	"S_PLA_DoubtingArtist_Painting1" : "8a407bd7-effe-4306-b2a0-02624ad45074",
	"S_PLA_DoubtingArtist_Painting2" : "ffb6d084-0900-4f58-ae39-f0360f7488d1",
	"S_PLA_DyingHyena_Body_Part_Guts_A" : "717edab5-038b-49f3-b1d3-ca61cf342e05",
	"S_PaintingThatConcealsAButton" : "7f7f86c0-41ca-4938-b4da-2719a3f69102",
	"S_WYR_GortashPoster" : "3a81e442-b4c8-4498-998e-4dfab1ea4ed8",
	"S_WYR_KillDirectorGortash_SafePainting" : "5d925f9b-f87e-4733-9410-01b27544b021",
	"S_WYR_OpenHand_TieflingVictim_002_HusbandsRing" : "9c147265-5b32-44fe-af57-fa0d3f6c5712",
	"S_WYR_OpenHand_TieflingVictim_002_WifesRing" : "81d843ad-2343-4964-b5d0-3db44dfee4e1",
	"S_WYR_SharessCaress_CleaningMug" : "9ab9c085-4d24-4b78-85ac-e16b19107ba7",
	"S_WYR_SharessCaress_FlamingFistRing" : "5cbedb00-e900-439e-9035-50ab581fc5b9",
	"TEMP_Cinematic_DONOTUSE_CONS_GEN_Drink_Cup_Metal_A_Empty" : "e36db780-e1b6-4bde-a836-4ebd8a9f4a22",
	"TEMP_Cinematic_DONOTUSE_DEC_GEN_Kitchen_CuttingBoard_A" : "976cc596-f777-4d2b-946f-09c489a660ee",
	"TEMP_Cinematic_DONOTUSE_DEC_Harbour_Shell_Starfish_A" : "70d87475-8668-4075-b150-d2888bd59c69",
	"TEMP_Cinematic_DONOTUSE_LOOT_GEN_Dining_Plate_Elevated_Silver_Rich_A" : "2fbd1750-6c95-4f06-9027-42db03238198",
	"TEMP_Cinematic_DONOTUSE_LOOT_GEN_Dining_Plate_Elevated_Silver_Rich_B" : "1907147d-4473-48a9-a3b9-a5216e25a0c1",
	"TEMP_Cinematic_DONOTUSE_LOOT_GEN_Dining_Plate_Silver_Rich_A" : "a8517bd7-c405-4d88-be94-e4beb1f464c0",
	"TEMP_Cinematic_DONOTUSE_LOOT_GEN_Dining_Plate_Silver_Rich_B" : "8e760fcd-da3c-4107-8b15-f5242cd738f9",
	"TEMP_Cinematic_DONOTUSE_LOOT_GEN_Dining_Plate_Silver_Rich_F" : "fd3a9310-f889-4c2d-9a7a-0e32593b1a94",
	"TEMP_Cinematic_DONOTUSE_LOOT_GEN_Dining_Plate_Silver_Rich_H" : "4d3750f6-4bed-41ae-8cf8-11f099a6042f",
	"TEMP_Cinematic_DONOTUSE_LOOT_GEN_Dining_Plate_Silver_Rich_J" : "9495e8ce-3600-485b-8004-1d0e8fa0197e",
	"TEMP_Cinematic_DONOTUSE_LOOT_GEN_Dining_Ustensil_Fork_Silver_Rich_A" : "79f94c7a-9e73-4fb8-9633-abff86cd73dc",
	"TEMP_Cinematic_DONOTUSE_LOOT_GEN_Dining_Ustensil_Knife_Silver_Rich_A" : "e2a6cd5d-39d2-4866-8fab-69ec625c1cfd",
	"TEMP_Cinematic_DONOTUSE_LOOT_GEN_Kitchen_Cutlery_Plate_Rich_A" : "b5bf2fe3-c702-4b40-96b0-50d08a0c9cc7",
	"TOOL_Camp_Bedroll_Closed_A" : "a1645f21-4934-4225-882f-b1e002874782",
	"TOOL_Camp_Bedroll_Open_A" : "530e440f-2c2e-44d5-b632-278c8c10ca4f",
	"TOOL_Camp_Bedroll_Open_B" : "06e3372a-03f8-440b-a56d-e8abbc1caee5",
	"TOOL_Camp_Bedroll_Open_C" : "020adfe3-f0fb-482f-8a46-158d4820578c",
	"TOOL_Camp_Bedroll_Open_D" : "1aec757f-0584-4f10-801b-f42c6e05b9a9",
	"TOOL_Camp_Bedroll_Open_E" : "94aabfd3-19c7-4bf6-832e-a69d979eb13b",
	"TOOL_Camp_Bedroll_Open_F" : "228dc996-e452-4f8d-8bd6-1aa0736dbeb1",
	"TOOL_Camp_Bedroll_Open_G" : "2a87b593-97f7-4c90-8fb6-161b4cc27fca",
	"TOOL_Camp_Bedroll_Open_H" : "8c5df9d9-8bad-4f70-98b6-172b4d3f2ec4",
	"TOOL_GEN_Barber_Kit_A" : "788278b2-4772-4372-a5e7-accb3e48857e",
	"TOOL_GEN_Barber_Kit_B" : "68621363-4d85-4c74-a7c5-cefe7ae36d15",
	"TOOL_GEN_Barber_Shears_A_Metal_A" : "f146f74f-6871-4a98-8f65-30329d564e82",
	"TOOL_GEN_Branch_Stake_A" : "ac769cef-e9c3-4e93-a7e3-6c5eeff22b13",
	"TOOL_GEN_Branch_Stake_A_Branch_L" : "6d4888e6-6133-46cf-842c-5e9af1c22a34",
	"TOOL_GEN_Branch_Stake_A_Branch_R" : "e99c1760-ad76-455d-948c-0a1870c9f93b",
	"TOOL_GEN_Broom_A" : "cbb98d74-68e9-4d0f-a4ff-6fa92cfcea13",
	"TOOL_GEN_Broom_B" : "7e695757-a137-4bbc-9a1d-8dcf1db63fee",
	"TOOL_GEN_ForgeryKit_Closed_A" : "5114c34c-d779-46d9-ae98-d15a0ff0ac31",
	"TOOL_GEN_ForgeryKit_Opened_A" : "0a1bde2b-8bc0-47ab-aec9-9204b8e4d1ba",
	"TOOL_GEN_Hammer_Repair_A" : "c2a14b56-9dca-4ad1-bcea-71204365f6a9",
	"TOOL_GEN_Identifying_Glass_A" : "a63fa775-bd30-4753-8c63-395aa5e9d03c",
	"TOOL_GEN_Music_Drum_Big_A" : "868fa1ab-8044-4a82-9c2b-bf4ffb241536",
	"TOOL_GEN_Music_Guitar_Lute_A_Broken" : "79b74639-066c-4099-87de-30d435a78f3e",
	"TOOL_GEN_Music_Guitar_Lute_B_Alfira_Broken" : "a33acb20-c036-46b5-bbad-5b38e9b5bf7c",
	"TOOL_GEN_Music_Guitar_Lute_B_Broken" : "697ce5fe-08ab-49f5-89dc-69684112a8c7",
	"TOOL_GEN_Music_Horn_A" : "cc0e5642-fed1-425a-a997-20b94b2ff696",
	"TOOL_GEN_Pitchfork_A" : "c8274575-61a2-43a7-bde0-65a278dde287",
	"TOOL_GEN_PoisonerKit_A_Closed_A" : "29ac515d-7c7f-4583-bc55-c8e88bc26980",
	"TOOL_GEN_PoisonerKit_A_Open_A" : "ed1335e1-5804-4d7e-afbd-5700103f481a",
	"TOOL_GEN_Shovel_Small_A" : "f4242851-8bf5-47b0-926e-d7b2c932e109",
	"TOOL_GEN_Tong_A" : "50d8cbfb-c98f-4013-8c67-53b3767a9bd9",
	"TOOL_GOB_Branding_Tool_A" : "4d64bcbe-a37d-4537-8ff1-510083989435",
	"TOOL_GTY_Control_Panel_Gem_A" : "4d04eb21-092a-4eb4-857a-2f1dc0882200",
	"TOOL_GTY_Microscope_A" : "df17b2fb-c14f-4b22-9660-f4da4999adee",
	"TOOL_Masonry_Chisel_Kit_A" : "b8a2487f-b870-4bfb-b436-fdc17af731ae",
	"TOOL_Masonry_Hammer_A" : "dd5c7204-df29-4bab-b012-9831f84b7fc7",
	"TOOL_Rope_A" : "63400c5f-cc10-4009-8d8f-b01dbb47060a",
	"TOOL_Tong_A" : "50d8cbfb-c98f-4013-8c67-53b3767a9bd9",
	"UNI_ARM_DEN_Thieflings_Ring1" : "1abd032b-c138-45ee-b85e-62b5bbb6ea2d",
	"UNI_CRE_MisCutSunCrystal" : "55f57f88-bed2-43bd-9f2d-4fd839b7b531",
	"UNI_CRE_RawSunCrystal" : "a6bc05c1-5cca-4b54-b83f-0ed546b5e326",
	"UNI_DEN_KanonsHandkerchief" : "276f2902-308d-4efe-9144-226c73f3edaa",
	"UNI_DEN_PoisonousThorn_A_Unidentified" : "b47a53a6-9533-4896-9d74-69aa0cff7c81",
	"UNI_Devils_Needle_Levistus_A" : "67a88e15-bccf-411c-941d-45f70685025f",
	"UNI_HAV_Thiefling_ArrowOfSlaying" : "062c6dd0-113d-4ca0-935c-bd937091a9eb",
	"UNI_HAV_Thiefling_CursedSpoon" : "e14df0f7-0361-42ea-a0af-a4d4033f85e2",
	"UNI_HAV_Thiefling_SendingShell" : "60d14cc7-d47f-4e8d-a888-50619b80bf28",
	"UNI_HagVoodooDoll" : "987b5a8d-1300-4f32-9e01-c07313b17a11",
	"UNI_LOW_HouseOfHope_BoudoirKeybox" : "25fd19c7-26d9-4e85-ac3e-dc8987af7be9",
	"UNI_LOW_HouseOfHope_RichClock" : "64f0c416-3959-48cd-9b88-1aa07d423a32",
	"UNI_LOW_MurderTribunal_TombstoneShopPainting" : "4677925e-fb7e-4534-bfd4-48638857cd4c",
	"UNI_NarrativeLoot_BloodBottle" : "f707a269-04e0-4d28-ae39-0565a78adbee",
	"UNI_PLA_DoubtingArtist_Portrait_A" : "ffb6d084-0900-4f58-ae39-f0360f7488d1",
	"UNI_PLA_DoubtingArtist_Portrait_B" : "8a407bd7-effe-4306-b2a0-02624ad45074",
	"UNI_TWN_CONS_GEN_Food_Cheese_Blue_Wheel_A_Rotten" : "afb45f49-67f3-4930-80d3-afaa97cafb34",
	"UNI_TWN_Distillery_PurpleWormGlands_DO_NOT_USE" : "995350b8-1f00-407f-bece-a8452945da66",
	"UNI_TWN_Hospital_Bloodbank_Transfusion_Bottle_A" : "be9a70dd-8bbd-4c1f-9459-6197056c708b",
	"UNI_TWN_Hospital_Bloodbank_Transfusion_Bottle_B" : "beb3f8a3-bb27-4054-99a2-500126fc7e5d",
	"UNI_TadpolePowerJar_Broken" : "1c725b47-184b-4906-a891-c67a7dbc57c2",
	"UNI_UND_NarrativeLoot_GnomeKeepsakeGem" : "83fd50ff-7b20-49c3-b2d3-20ffcb1c4462",
	"UNI_UND_SharFort_Gem" : "73786a58-63c7-407a-af07-b612cd2b11ec",
	"UNI_UND_WitheredBluePetals" : "f5f07e9e-98e5-407d-827e-47ad1f41aeb5",
	"UNI_UND_WitheredSussurPetals" : "a05c2c63-23b4-4700-8a51-655053d832b5",
	"UNI_WYR_Circus_MoldyFood" : "420d1b1f-8147-4ae7-aedb-456dc391d61b",
	"UNI_WYR_Crate_Teddy_Explosive_A" : "162203ba-7413-4417-8f05-bd03538ff2b4",
	"UNI_WYR_Crate_Teddy_Explosive_A_Empty" : "29dcb091-043a-45b6-8bad-481c19488f9b",
	"UNI_WYR_ExplosiveToy_Broken" : "1b7e91d0-5de8-46fa-87c0-b3a9d35939e6",
	"UNI_WYR_ExplosiveToy_Unfinished" : "3762d9ce-3506-4d2c-8b36-454d9fef979f",
	"WPN_HUM_Wand_G_0" : "edcfcd84-55ad-4b3c-a15f-70c587f2609b",
	"WPN_WATCHER_Crossbow" : "e2391c41-845c-4d8e-9aba-d2392e193bfd",
	"WPN_WATCHER_Greatsword_B" : "ebdf1022-bb30-4a03-ac29-82f488bfce4f",
	"WYR_FfionRing" : "18c6beaf-e553-462d-aa59-74b5ff1adb1c"
}