{
    "OpenCloseSidekick": {
        "Callback": "function: 0000026E1B9E8F40",
        "Identifier": "c0fc539c-2e63-46dd-8af4-1f7151a334e8",
        "Modifiers": [
            "Shift"
        ],
        "ScanCode": "R"
    },
    "SettingsAutoResize": true,
    "SidekickAutoResize": true,
    "ToggleImmortality": {
        "Callback": "function: 0000026DD701A980",
        "Identifier": "1790dfa0-6706-4739-a296-d1bb7456889c",
        "Modifiers": [
            "NONE"
        ],
        "ScanCode": "NONE"
    }
}