{
    "AJ_Danse_Emergency": true,
    "ARA_Target_EtherealJaunt": true,
    "CSS_Lathy_RadHellCrawler": true,
    "EW_Target_BS_Blink": true,
    "EW_Target_BS_Shift": true,
    "EW_Target_Dryad_ConjureWoodlandBeings": true,
    "EW_Target_PlaneWalk_I": true,
    "EW_Target_PlaneWalk_II": true,
    "EW_Target_PlaneWalk_III": true,
    "EW_Target_PlaneWalk_Technical": true,
    "EW_Target_Robes_Blink": true,
    "JWL_Target_BowlCommandingWater": true,
    "JWL_Target_GuardianOfFaith_Trinket": true,
    "JWL_Target_MistyStep_Trinket": true,
    "Mod_Elyndris_Teleport": true,
    "Mod_Solaneth_Teleport": true,
    "Mod_Target_ShadowStep": true,
    "MystrasChosen_MistyStep_ShortRest": true,
    "NPC_GuardianOfFaith": true,
    "POTS_Target_VeilOfShadows_ShadowStep": true,
    "Shout_LOW_GreaseWizard_RaiseFire": true,
    "Shout_MAG_FlamingFist_BlazingRetaliation": true,
    "Siael_Vecna_WakeTheDead": true,
    "Siael_Vecna_WakeTheDead_Weak": true,
    "TARGET_GHOSTLY_LEAP": true,
    "TARGET_RELENTLESS_HEX": true,
    "Target_AMX_UNI_GlovesOfTeleportation": true,
    "Target_ATT_StormGiant_Strike": true,
    "Target_ATT_StormLightning": true,
    "Target_ATT_TemporalShunt_Technical": true,
    "Target_ATT_TemporalShunt_Technical_6": true,
    "Target_ATT_TemporalShunt_Technical_7": true,
    "Target_ATT_TemporalShunt_Technical_8": true,
    "Target_ATT_TemporalShunt_Technical_9": true,
    "Target_AstralStep_PlanarGlaive_VSC": true,
    "Target_AstralStep_Yara_VSC": true,
    "Target_BlackTentacles": true,
    "Target_BlackTentacles_5": true,
    "Target_BlackTentacles_6": true,
    "Target_BlackTentacles_7": true,
    "Target_BlackTentacles_8": true,
    "Target_BlackTentacles_9": true,
    "Target_BlackTentacles_PsionicSorcery": true,
    "Target_BlackTentacles_PsionicSorcery_5": true,
    "Target_BlackTentacles_PsionicSorcery_6": true,
    "Target_CallLightning": true,
    "Target_CallLightning_4": true,
    "Target_CallLightning_5": true,
    "Target_CallLightning_6": true,
    "Target_CallLightning_7": true,
    "Target_CallLightning_8": true,
    "Target_CallLightning_9": true,
    "Target_CallLightning_Chadrick_VSC": true,
    "Target_CallLightning_Chadrick_VSC_4": true,
    "Target_CallLightning_Chadrick_VSC_5": true,
    "Target_CallLightning_LB_Chadrick_VSC": true,
    "Target_CallLightning_LB_Chadrick_VSC_4": true,
    "Target_CallLightning_LB_Chadrick_VSC_5": true,
    "Target_CallLightning_LightningBolt": true,
    "Target_CallLightning_LightningBolt_4": true,
    "Target_CallLightning_LightningBolt_5": true,
    "Target_CallLightning_LightningBolt_6": true,
    "Target_CallLightning_LightningBolt_7": true,
    "Target_CallLightning_LightningBolt_8": true,
    "Target_CallLightning_LightningBolt_9": true,
    "Target_ConjureElemental_Container": true,
    "Target_ConjureElemental_Container_6": true,
    "Target_ConjureElemental_Container_7": true,
    "Target_ConjureElemental_Container_8": true,
    "Target_ConjureElemental_Container_9": true,
    "Target_ConjureElemental_Container_Holy": true,
    "Target_ConjureElemental_Elemental_Air": true,
    "Target_ConjureElemental_Elemental_Earth": true,
    "Target_ConjureElemental_Elemental_Fire": true,
    "Target_ConjureElemental_Elemental_Fire_NPC": true,
    "Target_ConjureElemental_Elemental_Fire_Oath": true,
    "Target_ConjureElemental_Elemental_Water": true,
    "Target_ConjureElemental_Myrmidon_Air": true,
    "Target_ConjureElemental_Myrmidon_Air_Storm": true,
    "Target_ConjureElemental_Myrmidon_Earth": true,
    "Target_ConjureElemental_Myrmidon_Earth_Storm": true,
    "Target_ConjureElemental_Myrmidon_Fire": true,
    "Target_ConjureElemental_Myrmidon_Water": true,
    "Target_ConjureElemental_Myrmidon_Water_Storm": true,
    "Target_ConjureElementals_Holyfire": true,
    "Target_ConjureElementals_Minor_Azer": true,
    "Target_ConjureElementals_Minor_Azer_5": true,
    "Target_ConjureElementals_Minor_Azer_6": true,
    "Target_ConjureElementals_Minor_Azer_7": true,
    "Target_ConjureElementals_Minor_Azer_8": true,
    "Target_ConjureElementals_Minor_Azer_9": true,
    "Target_ConjureElementals_Minor_Container": true,
    "Target_ConjureElementals_Minor_Container_5": true,
    "Target_ConjureElementals_Minor_Container_6": true,
    "Target_ConjureElementals_Minor_Container_7": true,
    "Target_ConjureElementals_Minor_Container_8": true,
    "Target_ConjureElementals_Minor_Container_9": true,
    "Target_ConjureElementals_Minor_IceMephit": true,
    "Target_ConjureElementals_Minor_IceMephit_5": true,
    "Target_ConjureElementals_Minor_IceMephit_6": true,
    "Target_ConjureElementals_Minor_IceMephit_7": true,
    "Target_ConjureElementals_Minor_IceMephit_8": true,
    "Target_ConjureElementals_Minor_IceMephit_9": true,
    "Target_ConjureElementals_Minor_MudMephit": true,
    "Target_ConjureElementals_Minor_MudMephit_5": true,
    "Target_ConjureElementals_Minor_MudMephit_6": true,
    "Target_ConjureElementals_Minor_MudMephit_7": true,
    "Target_ConjureElementals_Minor_MudMephit_8": true,
    "Target_ConjureElementals_Minor_MudMephit_9": true,
    "Target_ConjureIntellectDevour": true,
    "Target_ConjureWoodlandBeings": true,
    "Target_ConjureWoodlandBeings_5": true,
    "Target_ConjureWoodlandBeings_6": true,
    "Target_ConjureWoodlandBeings_7": true,
    "Target_ConjureWoodlandBeings_8": true,
    "Target_ConjureWoodlandBeings_9": true,
    "Target_ControlFlames": true,
    "Target_ControlFlames_Brightness": true,
    "Target_ControlFlames_Douse": true,
    "Target_ControlFlames_Expand": true,
    "Target_CosmicForm_ConjureElemental_Elemental_Fire": true,
    "Target_CosmicForm_ConjureElemental_Elemental_Water": true,
    "Target_CreateBonfire": true,
    "Target_CursedTome_WakeTheDead": true,
    "Target_Dreamweaver_MistyStep": true,
    "Target_DustDevil": true,
    "Target_DustDevil_3": true,
    "Target_DustDevil_4": true,
    "Target_DustDevil_5": true,
    "Target_DustDevil_6": true,
    "Target_DustDevil_7": true,
    "Target_DustDevil_8": true,
    "Target_DustDevil_9": true,
    "Target_DustDevil_Move": true,
    "Target_END_Emperor_BlackTentacles": true,
    "Target_EW_MistyStep_Wynd_Blade": true,
    "Target_ElementalConfluence": true,
    "Target_ElementalConfluence_7": true,
    "Target_ElementalConfluence_8": true,
    "Target_ElementalConfluence_9": true,
    "Target_EruptingEarth": true,
    "Target_EruptingEarth_4": true,
    "Target_EruptingEarth_5": true,
    "Target_EruptingEarth_6": true,
    "Target_EruptingEarth_7": true,
    "Target_EruptingEarth_8": true,
    "Target_EruptingEarth_9": true,
    "Target_FarStep": true,
    "Target_FarStep_6": true,
    "Target_FarStep_7": true,
    "Target_FarStep_8": true,
    "Target_FarStep_9": true,
    "Target_FarStep_Bonus": true,
    "Target_FeyStep_VSC": true,
    "Target_GG_Three_ConjureWoodlandBeings": true,
    "Target_GG_Three_MistyStep": true,
    "Target_Gate_Eladrin": true,
    "Target_GuardianOfFaith": true,
    "Target_GuardianOfFaith_5": true,
    "Target_GuardianOfFaith_6": true,
    "Target_GuardianOfFaith_7": true,
    "Target_GuardianOfFaith_8": true,
    "Target_GuardianOfFaith_9": true,
    "Target_HealingSpirit": true,
    "Target_HealingSpirit_3": true,
    "Target_HealingSpirit_4": true,
    "Target_HealingSpirit_5": true,
    "Target_HealingSpirit_6": true,
    "Target_HealingSpirit_7": true,
    "Target_HealingSpirit_8": true,
    "Target_HealingSpirit_9": true,
    "Target_LOW_CallLightning_Cazador": true,
    "Target_LOW_IronThrone_Omeluum_Teleport": true,
    "Target_LightningStorm": true,
    "Target_LightningStorm_6": true,
    "Target_LightningStorm_7": true,
    "Target_LightningStorm_8": true,
    "Target_LightningStorm_9": true,
    "Target_LightningStorm_LightningBolt": true,
    "Target_LightningStorm_LightningBolt_6": true,
    "Target_LightningStorm_LightningBolt_7": true,
    "Target_LightningStorm_LightningBolt_8": true,
    "Target_LightningStorm_LightningBolt_9": true,
    "Target_MAG_BlackTentacle": true,
    "Target_MOD_Aelis_Followup": true,
    "Target_MOD_Ashen_Step": true,
    "Target_MOD_Willoughby_Lightning": true,
    "Target_MOO_Fanatic_GuardianOfFaith": true,
    "Target_Maelstrom": true,
    "Target_Maelstrom_6": true,
    "Target_Maelstrom_7": true,
    "Target_Maelstrom_8": true,
    "Target_Maelstrom_9": true,
    "Target_MagicCircle": true,
    "Target_MagicCircle_4": true,
    "Target_MagicCircle_5": true,
    "Target_MagicCircle_6": true,
    "Target_MagicCircle_7": true,
    "Target_MagicCircle_8": true,
    "Target_MagicCircle_9": true,
    "Target_MagicCircle_Elemental": true,
    "Target_MagicCircle_Elemental_4": true,
    "Target_MagicCircle_Elemental_5": true,
    "Target_MagicCircle_Elemental_6": true,
    "Target_MagicCircle_Fiend": true,
    "Target_MagicCircle_Fiend_4": true,
    "Target_MagicCircle_Fiend_5": true,
    "Target_MagicCircle_Fiend_6": true,
    "Target_MagicCircle_Undead": true,
    "Target_MagicCircle_Undead_4": true,
    "Target_MagicCircle_Undead_5": true,
    "Target_MagicCircle_Undead_6": true,
    "Target_MistyStep": true,
    "Target_MistyStep_3": true,
    "Target_MistyStep_4": true,
    "Target_MistyStep_5": true,
    "Target_MistyStep_6": true,
    "Target_MistyStep_7": true,
    "Target_MistyStep_8": true,
    "Target_MistyStep_9": true,
    "Target_MistyStep_BoonOfDimensionalTravel": true,
    "Target_Mystic_AnimateAir": true,
    "Target_Mystic_AnimateEarth": true,
    "Target_Mystic_AnimateFire": true,
    "Target_Mystic_AnimateWater": true,
    "Target_RageMageCounterspell4": true,
    "Target_RageMageCounterspell5": true,
    "Target_RageMageCounterspell6": true,
    "Target_RageMageCounterspell7": true,
    "Target_RageMageCounterspell8": true,
    "Target_RageMageCounterspell9": true,
    "Target_RageMageMistyStep": true,
    "Target_RageMageMistyStep3": true,
    "Target_RageMageMistyStep4": true,
    "Target_RageMageMistyStep5": true,
    "Target_RageMageMistyStep6": true,
    "Target_RageMageMistyStep7": true,
    "Target_RageMageMistyStep8": true,
    "Target_RageMageMistyStep9": true,
    "Target_SVMagus_GuardiansWings_Teleport": true,
    "Target_SVZephyr_BlackTentacles_Necrodancer": true,
    "Target_ShapeWater": true,
    "Target_ShapeWater_Freeze": true,
    "Target_ShapeWater_IceBlock": true,
    "Target_Spellbreaker_StepUp": true,
    "Target_StoneAegis_Teleport": true,
    "Target_StoneAegis_Teleport17": true,
    "Target_Substep": true,
    "Target_SummonArchmage": true,
    "Target_SummonArchmage_9": true,
    "Target_SummonBeholderkin": true,
    "Target_SummonBeholderkin_5": true,
    "Target_SummonBeholderkin_6": true,
    "Target_SummonBeholderkin_7": true,
    "Target_SummonBeholderkin_8": true,
    "Target_SummonBeholderkin_9": true,
    "Target_SummonConstruct": true,
    "Target_SummonConstruct_5": true,
    "Target_SummonConstruct_6": true,
    "Target_SummonConstruct_7": true,
    "Target_SummonConstruct_8": true,
    "Target_SummonConstruct_9": true,
    "Target_SummonElemental": true,
    "Target_SummonElemental_5": true,
    "Target_SummonElemental_6": true,
    "Target_SummonElemental_7": true,
    "Target_SummonElemental_8": true,
    "Target_SummonElemental_9": true,
    "Target_SummonElemental_Air": true,
    "Target_SummonElemental_Air_5": true,
    "Target_SummonElemental_Air_6": true,
    "Target_SummonElemental_Air_7": true,
    "Target_SummonElemental_Air_8": true,
    "Target_SummonElemental_Air_9": true,
    "Target_SummonElemental_Earth": true,
    "Target_SummonElemental_Earth_5": true,
    "Target_SummonElemental_Earth_6": true,
    "Target_SummonElemental_Earth_7": true,
    "Target_SummonElemental_Earth_8": true,
    "Target_SummonElemental_Earth_9": true,
    "Target_SummonElemental_Fire": true,
    "Target_SummonElemental_Fire_5": true,
    "Target_SummonElemental_Fire_6": true,
    "Target_SummonElemental_Fire_7": true,
    "Target_SummonElemental_Fire_8": true,
    "Target_SummonElemental_Fire_9": true,
    "Target_SummonElemental_Water": true,
    "Target_SummonElemental_Water_5": true,
    "Target_SummonElemental_Water_6": true,
    "Target_SummonElemental_Water_7": true,
    "Target_SummonElemental_Water_8": true,
    "Target_SummonElemental_Water_9": true,
    "Target_SummonFey": true,
    "Target_SummonFeyFuming": true,
    "Target_SummonFeyFuming_4": true,
    "Target_SummonFeyFuming_5": true,
    "Target_SummonFeyFuming_6": true,
    "Target_SummonFeyFuming_7": true,
    "Target_SummonFeyFuming_8": true,
    "Target_SummonFeyFuming_9": true,
    "Target_SummonFeyMirthful": true,
    "Target_SummonFeyMirthful_4": true,
    "Target_SummonFeyMirthful_5": true,
    "Target_SummonFeyMirthful_6": true,
    "Target_SummonFeyMirthful_7": true,
    "Target_SummonFeyMirthful_8": true,
    "Target_SummonFeyMirthful_9": true,
    "Target_SummonFeyReinforcementsFuming": true,
    "Target_SummonFeyReinforcementsFuming_4": true,
    "Target_SummonFeyReinforcementsFuming_5": true,
    "Target_SummonFeyReinforcementsMirthful": true,
    "Target_SummonFeyReinforcementsMirthful_4": true,
    "Target_SummonFeyReinforcementsMirthful_5": true,
    "Target_SummonFeyReinforcementsTricksy": true,
    "Target_SummonFeyReinforcementsTricksy_4": true,
    "Target_SummonFeyReinforcementsTricksy_5": true,
    "Target_SummonFeyTricksy": true,
    "Target_SummonFeyTricksy_4": true,
    "Target_SummonFeyTricksy_5": true,
    "Target_SummonFeyTricksy_6": true,
    "Target_SummonFeyTricksy_7": true,
    "Target_SummonFeyTricksy_8": true,
    "Target_SummonFeyTricksy_9": true,
    "Target_SummonFey_4": true,
    "Target_SummonFey_5": true,
    "Target_SummonFey_6": true,
    "Target_SummonFey_7": true,
    "Target_SummonFey_8": true,
    "Target_SummonFey_9": true,
    "Target_SummonIrii": true,
    "Target_SummonIrii_Fate": true,
    "Target_SummonIrii_Fate_9": true,
    "Target_SummonIrii_Fortune": true,
    "Target_SummonIrii_Fortune_9": true,
    "Target_SummonShadowspawn": true,
    "Target_SummonShadowspawn_4": true,
    "Target_SummonShadowspawn_5": true,
    "Target_SummonShadowspawn_6": true,
    "Target_SummonShadowspawn_7": true,
    "Target_SummonShadowspawn_8": true,
    "Target_SummonShadowspawn_9": true,
    "Target_SummonShadowspawn_Despair": true,
    "Target_SummonShadowspawn_Despair_4": true,
    "Target_SummonShadowspawn_Despair_5": true,
    "Target_SummonShadowspawn_Despair_6": true,
    "Target_SummonShadowspawn_Despair_7": true,
    "Target_SummonShadowspawn_Despair_8": true,
    "Target_SummonShadowspawn_Despair_9": true,
    "Target_SummonShadowspawn_Fear": true,
    "Target_SummonShadowspawn_Fear_4": true,
    "Target_SummonShadowspawn_Fear_5": true,
    "Target_SummonShadowspawn_Fear_6": true,
    "Target_SummonShadowspawn_Fear_7": true,
    "Target_SummonShadowspawn_Fear_8": true,
    "Target_SummonShadowspawn_Fear_9": true,
    "Target_SummonShadowspawn_Fury": true,
    "Target_SummonShadowspawn_Fury_4": true,
    "Target_SummonShadowspawn_Fury_5": true,
    "Target_SummonShadowspawn_Fury_6": true,
    "Target_SummonShadowspawn_Fury_7": true,
    "Target_SummonShadowspawn_Fury_8": true,
    "Target_SummonShadowspawn_Fury_9": true,
    "Target_Thunderstep_VSC": true,
    "Target_WYR_Circus_AirElemental": true,
    "Target_WYR_SmugglersCave_WaterElemental": true,
    "Target_WindingPath": true,
    "Target_Witch_Bewitch_TBStep": true,
    "Target_Witch_Bewitch_VBlade_Guardian": true,
    "Teleportation_ArcaneGate": true,
    "Teleportation_ArcaneGate_7": true,
    "Teleportation_ArcaneGate_8": true,
    "Teleportation_ArcaneGate_9": true,
    "Teleportation_ArcaneGate_Artificer": true,
    "Teleportation_SVMagus_ArcaneGate": true,
    "Teleportation_ShapeWater_Move": true,
    "Teleportation_ThunderStep": true,
    "Teleportation_ThunderStep_4": true,
    "Teleportation_ThunderStep_5": true,
    "Teleportation_ThunderStep_6": true,
    "Teleportation_ThunderStep_7": true,
    "Teleportation_ThunderStep_8": true,
    "Teleportation_ThunderStep_9": true,
    "VV_Target_ShadowMeld": true,
    "WSO_Target_CallLightning_LightningBolt_WS": true,
    "WSO_Target_CallLightning_LightningBolt_WS_4": true,
    "WSO_Target_CallLightning_LightningBolt_WS_5": true,
    "WSO_Target_CallLightning_LightningBolt_WS_6": true,
    "WSO_Target_CallLightning_LightningBolt_WS_7": true,
    "WSO_Target_CallLightning_LightningBolt_WS_8": true,
    "WSO_Target_CallLightning_LightningBolt_WS_9": true,
    "WSO_Target_CallLightning_Raven_Storm": true,
    "WSO_Target_CallLightning_Raven_Storm_3": true,
    "WSO_Target_CallLightning_Raven_Storm_4": true,
    "WSO_Target_CallLightning_Raven_Storm_5": true,
    "WSO_Target_CallLightning_Raven_Storm_6": true,
    "WSO_Target_CallLightning_Raven_Storm_7": true,
    "WSO_Target_CallLightning_Raven_Storm_8": true,
    "WSO_Target_CallLightning_Raven_Storm_9": true,
    "WW_Target_MAG_HellCrawler_Ice": true
}