{
    "Settings": {
        "KeyBindings": {
            "DocumentationBrowser": {
                "Key": "D",
                "ModAlt": false,
                "ModCtrl": false,
                "ModShift": true
            },
            "MD_Settings": {
                "Key": "S",
                "ModAlt": false,
                "ModCtrl": false,
                "ModShift": true
            }
        },
        "ManuallyRegisteredDocs": [],
        "Visual": {
            "BackgroundImageScaleX": 1.1051,
            "BackgroundImageScaleY": 1.076
        }
    },
    "WindowStates": []
}