{
	"DEBUG" : 
	{
		"level" : 0
	},
	"lastUsedModSubTabs" : 
	{
		"0c692104-c83f-48b8-9fcd-ca7e33be5098" : "General Settings",
		"1ea9eba9-5cc8-4c1f-9032-f9087f9b414c" : "General",
		"5442c1bf-c118-48bc-87f1-c90bcc024b1c" : "Injuries",
		"5b5ad5b6-ce37-4a63-8dea-a1fee4cee156" : "Party",
		"755a8a72-407f-4f0d-9a33-274ac0f0b53d" : "Window",
		"7a526492-f5f4-44a0-ab25-ddcc4c6c1e7e" : "General",
		"a2c4b0fc-e745-41df-81b7-fa53950d86a0" : "Optional Features",
		"a7284012-f754-487c-b00c-0f83e9f42bec" : "General",
		"b1f292a4-f484-4631-8c58-532b53fd1c11" : "Vanity",
		"b3ba01c6-b385-416f-9bbe-7ad7f6a256f0" : "Features",
		"b5dda74a-5a2d-49d5-9d19-df2d6788d1e6" : "Fall damage parameters",
		"cabed99e-5db6-4f0d-a69f-d49e8a20e663" : "Features",
		"fb5f528d-4d48-4bf2-a668-2274d3cfba96" : "Settings"
	},
	"lastUsedPage" : "5b5ad5b6-ce37-4a63-8dea-a1fee4cee156",
	"onConfigReloaded" : []
}